P0,Q0,A9
P1,Q0,A9
P2,Q0,A9
P3,Q0,A9
P4,Q0,A9
P5,Q0,A9
P6,Q0,A9
P7,Q0,A9
P8,Q0,A9
P0,Q1,A9
P1,Q1,A9
P2,Q1,A9
P3,Q1,A9
P4,Q1,A9
P5,Q1,A9
P6,Q1,A9
P7,Q1,A9
P8,Q1,A9
P0,Q2,A9
P1,Q2,A9
P2,Q2,A9
P3,Q2,A9
P4,Q2,A9
P5,Q2,A9
P6,Q2,A9
P7,Q2,A9
P8,Q2,A9
P0,Q3,A9
P1,Q3,A9
P2,Q3,A9
P3,Q3,A9
P4,Q3,A9
P5,Q3,A9
P6,Q3,A9
P7,Q3,A9
P8,Q3,A9
P0,Q4,A5
P1,Q4,A5
P2,Q4,A5
P3,Q4,A10
P4,Q4,A5
P5,Q4,A5
P6,Q4,A5
P7,Q4,A5
P8,Q4,A5
P0,Q5,A5
P1,Q5,A5
P2,Q5,A5
P3,Q5,A10
P4,Q5,A5
P5,Q5,A5
P6,Q5,A5
P7,Q5,A5
P8,Q5,A5
P0,Q6,A5
P1,Q6,A5
P2,Q6,A5
P3,Q6,A5
P4,Q6,A5
P5,Q6,A5
P6,Q6,A5
P7,Q6,A5
P8,Q6,A5
P0,Q7,A2
P1,Q7,A12
P2,Q7,A12
P3,Q7,A0
P4,Q7,A1
P5,Q7,A7
P6,Q7,A0
P7,Q7,A12
P8,Q7,A12
P0,Q8,A12
P1,Q8,A12
P2,Q8,A12
P3,Q8,A0
P4,Q8,A12
P5,Q8,A1
P6,Q8,A12
P7,Q8,A12
P8,Q8,A12
P0,Q9,A19
P1,Q9,A19
P2,Q9,A19
P3,Q9,A19
P4,Q9,A19
P5,Q9,A4
P6,Q9,A19
P7,Q9,A19
P8,Q9,A19
P0,Q10,A19
P1,Q10,A19
P2,Q10,A19
P3,Q10,A19
P4,Q10,A19
P5,Q10,A19
P6,Q10,A19
P7,Q10,A19
P8,Q10,A19
P0,Q11,A19
P1,Q11,A19
P2,Q11,A19
P3,Q11,A19
P4,Q11,A19
P5,Q11,A19
P6,Q11,A19
P7,Q11,A19
P8,Q11,A19
P0,Q12,A10
P1,Q12,A10
P2,Q12,A10
P3,Q12,A10
P4,Q12,A10
P5,Q12,A10
P6,Q12,A10
P7,Q12,A10
P8,Q12,A10
P0,Q13,A10
P1,Q13,A10
P2,Q13,A10
P3,Q13,A10
P4,Q13,A10
P5,Q13,A10
P6,Q13,A10
P7,Q13,A10
P8,Q13,A10
P0,Q14,A10
P1,Q14,A10
P2,Q14,A10
P3,Q14,A10
P4,Q14,A10
P5,Q14,A10
P6,Q14,A10
P7,Q14,A10
P8,Q14,A10
P0,Q15,A10
P1,Q15,A10
P2,Q15,A10
P3,Q15,A10
P4,Q15,A10
P5,Q15,A10
P6,Q15,A10
P7,Q15,A10
P8,Q15,A10
P0,Q16,A10
P1,Q16,A10
P2,Q16,A10
P3,Q16,A10
P4,Q16,A10
P5,Q16,A10
P6,Q16,A10
P7,Q16,A10
P8,Q16,A10
P0,Q17,A7
P1,Q17,A7
P2,Q17,A7
P3,Q17,A9
P4,Q17,A7
P5,Q17,A5
P6,Q17,A7
P7,Q17,A7
P8,Q17,A7
P0,Q18,A7
P1,Q18,A7
P2,Q18,A7
P3,Q18,A7
P4,Q18,A7
P5,Q18,A7
P6,Q18,A7
P7,Q18,A7
P8,Q18,A7
P0,Q19,A7
P1,Q19,A7
P2,Q19,A7
P3,Q19,A7
P4,Q19,A7
P5,Q19,A10
P6,Q19,A7
P7,Q19,A7
P8,Q19,A7
P0,Q20,A15
P1,Q20,A15
P2,Q20,A15
P3,Q20,A10
P4,Q20,A15
P5,Q20,A15
P6,Q20,A15
P7,Q20,A15
P8,Q20,A15
P0,Q21,A15
P1,Q21,A15
P2,Q21,A15
P3,Q21,A10
P4,Q21,A15
P5,Q21,A4
P6,Q21,A15
P7,Q21,A15
P8,Q21,A15
P0,Q22,A0
P1,Q22,A0
P2,Q22,A0
P3,Q22,A0
P4,Q22,A0
P5,Q22,A0
P6,Q22,A0
P7,Q22,A0
P8,Q22,A0
P0,Q23,A0
P1,Q23,A0
P2,Q23,A0
P3,Q23,A0
P4,Q23,A0
P5,Q23,A0
P6,Q23,A0
P7,Q23,A0
P8,Q23,A0
P0,Q24,A0
P1,Q24,A0
P2,Q24,A0
P3,Q24,A0
P4,Q24,A0
P5,Q24,A0
P6,Q24,A0
P7,Q24,A0
P8,Q24,A0
P0,Q25,A0
P1,Q25,A0
P2,Q25,A0
P3,Q25,A0
P4,Q25,A0
P5,Q25,A0
P6,Q25,A0
P7,Q25,A0
P8,Q25,A0
P0,Q26,A11
P1,Q26,A11
P2,Q26,A11
P3,Q26,A11
P4,Q26,A11
P5,Q26,A11
P6,Q26,A11
P7,Q26,A11
P8,Q26,A11
P0,Q27,A11
P1,Q27,A11
P2,Q27,A11
P3,Q27,A11
P4,Q27,A11
P5,Q27,A11
P6,Q27,A11
P7,Q27,A11
P8,Q27,A11
P0,Q28,A11
P1,Q28,A11
P2,Q28,A11
P3,Q28,A11
P4,Q28,A11
P5,Q28,A11
P6,Q28,A11
P7,Q28,A11
P8,Q28,A11
P0,Q29,A16
P1,Q29,A16
P2,Q29,A16
P3,Q29,A11
P4,Q29,A16
P5,Q29,A11
P6,Q29,A16
P7,Q29,A16
P8,Q29,A16
P0,Q30,A16
P1,Q30,A16
P2,Q30,A16
P3,Q30,A11
P4,Q30,A16
P5,Q30,A11
P6,Q30,A16
P7,Q30,A16
P8,Q30,A16
P0,Q31,A1
P1,Q31,A1
P2,Q31,A1
P3,Q31,A1
P4,Q31,A1
P5,Q31,A1
P6,Q31,A1
P7,Q31,A1
P8,Q31,A1
P0,Q32,A11
P1,Q32,A1
P2,Q32,A1
P3,Q32,A1
P4,Q32,A1
P5,Q32,A7
P6,Q32,A4
P7,Q32,A11
P8,Q32,A1
P0,Q33,A1
P1,Q33,A1
P2,Q33,A1
P3,Q33,A1
P4,Q33,A1
P5,Q33,A1
P6,Q33,A1
P7,Q33,A1
P8,Q33,A1
P0,Q34,A1
P1,Q34,A1
P2,Q34,A1
P3,Q34,A0
P4,Q34,A1
P5,Q34,A1
P6,Q34,A1
P7,Q34,A1
P8,Q34,A1
P0,Q35,A17
P1,Q35,A17
P2,Q35,A17
P3,Q35,A10
P4,Q35,A17
P5,Q35,A17
P6,Q35,A17
P7,Q35,A17
P8,Q35,A17
P0,Q36,A17
P1,Q36,A17
P2,Q36,A17
P3,Q36,A17
P4,Q36,A17
P5,Q36,A17
P6,Q36,A17
P7,Q36,A17
P8,Q36,A17
P0,Q37,A2
P1,Q37,A2
P2,Q37,A2
P3,Q37,A2
P4,Q37,A2
P5,Q37,A2
P6,Q37,A2
P7,Q37,A2
P8,Q37,A2
P0,Q38,A2
P1,Q38,A2
P2,Q38,A2
P3,Q38,A2
P4,Q38,A2
P5,Q38,A2
P6,Q38,A2
P7,Q38,A2
P8,Q38,A2
P0,Q39,A2
P1,Q39,A2
P2,Q39,A2
P3,Q39,A2
P4,Q39,A2
P5,Q39,A2
P6,Q39,A2
P7,Q39,A2
P8,Q39,A2
P0,Q40,A6
P1,Q40,A6
P2,Q40,A6
P3,Q40,A10
P4,Q40,A6
P5,Q40,A5
P6,Q40,A7
P7,Q40,A6
P8,Q40,A6
P0,Q41,A6
P1,Q41,A6
P2,Q41,A6
P3,Q41,A3
P4,Q41,A6
P5,Q41,A17
P6,Q41,A6
P7,Q41,A6
P8,Q41,A6
P0,Q42,A13
P1,Q42,A13
P2,Q42,A13
P3,Q42,A19
P4,Q42,A13
P5,Q42,A10
P6,Q42,A13
P7,Q42,A13
P8,Q42,A13
P0,Q43,A13
P1,Q43,A13
P2,Q43,A13
P3,Q43,A2
P4,Q43,A13
P5,Q43,A13
P6,Q43,A13
P7,Q43,A13
P8,Q43,A13
P0,Q44,A13
P1,Q44,A13
P2,Q44,A13
P3,Q44,A3
P4,Q44,A13
P5,Q44,A10
P6,Q44,A13
P7,Q44,A13
P8,Q44,A13
P0,Q45,A14
P1,Q45,A14
P2,Q45,A14
P3,Q45,A14
P4,Q45,A14
P5,Q45,A14
P6,Q45,A14
P7,Q45,A14
P8,Q45,A14
P0,Q46,A14
P1,Q46,A14
P2,Q46,A14
P3,Q46,A14
P4,Q46,A14
P5,Q46,A14
P6,Q46,A14
P7,Q46,A14
P8,Q46,A14
P0,Q47,A4
P1,Q47,A4
P2,Q47,A4
P3,Q47,A10
P4,Q47,A4
P5,Q47,A4
P6,Q47,A4
P7,Q47,A4
P8,Q47,A4
P0,Q48,A4
P1,Q48,A4
P2,Q48,A4
P3,Q48,A11
P4,Q48,A4
P5,Q48,A4
P6,Q48,A4
P7,Q48,A4
P8,Q48,A4
P0,Q49,A4
P1,Q49,A4
P2,Q49,A4
P3,Q49,A11
P4,Q49,A4
P5,Q49,A4
P6,Q49,A4
P7,Q49,A4
P8,Q49,A4
P0,Q50,A8
P1,Q50,A8
P2,Q50,A8
P3,Q50,A9
P4,Q50,A8
P5,Q50,A9
P6,Q50,A8
P7,Q50,A8
P8,Q50,A8
P0,Q51,A8
P1,Q51,A8
P2,Q51,A8
P3,Q51,A9
P4,Q51,A8
P5,Q51,A9
P6,Q51,A8
P7,Q51,A8
P8,Q51,A8
P0,Q52,A3
P1,Q52,A3
P2,Q52,A3
P3,Q52,A3
P4,Q52,A3
P5,Q52,A3
P6,Q52,A3
P7,Q52,A3
P8,Q52,A3
P0,Q53,A3
P1,Q53,A3
P2,Q53,A3
P3,Q53,A3
P4,Q53,A3
P5,Q53,A3
P6,Q53,A3
P7,Q53,A3
P8,Q53,A3
P0,Q54,A3
P1,Q54,A3
P2,Q54,A3
P3,Q54,A3
P4,Q54,A3
P5,Q54,A3
P6,Q54,A3
P7,Q54,A3
P8,Q54,A3
P0,Q55,A3
P1,Q55,A3
P2,Q55,A3
P3,Q55,A3
P4,Q55,A3
P5,Q55,A3
P6,Q55,A3
P7,Q55,A3
P8,Q55,A3
P0,Q56,A18
P1,Q56,A18
P2,Q56,A18
P3,Q56,A17
P4,Q56,A18
P5,Q56,A17
P6,Q56,A18
P7,Q56,A18
P8,Q56,A18
P0,Q57,A18
P1,Q57,A18
P2,Q57,A18
P3,Q57,A17
P4,Q57,A18
P5,Q57,A17
P6,Q57,A18
P7,Q57,A18
P8,Q57,A18
P0,Q58,A9
P1,Q58,A9
P2,Q58,A9
P3,Q58,A9
P4,Q58,A9
P5,Q58,A9
P6,Q58,A9
P7,Q58,A9
P8,Q58,A9
P0,Q59,A9
P1,Q59,A9
P2,Q59,A9
P3,Q59,A9
P4,Q59,A9
P5,Q59,A9
P6,Q59,A9
P7,Q59,A9
P8,Q59,A9
P0,Q60,A9
P1,Q60,A9
P2,Q60,A9
P3,Q60,A9
P4,Q60,A9
P5,Q60,A9
P6,Q60,A9
P7,Q60,A9
P8,Q60,A9
P0,Q61,A9
P1,Q61,A9
P2,Q61,A9
P3,Q61,A9
P4,Q61,A9
P5,Q61,A9
P6,Q61,A9
P7,Q61,A9
P8,Q61,A9
P0,Q62,A5
P1,Q62,A5
P2,Q62,A5
P3,Q62,A10
P4,Q62,A5
P5,Q62,A15
P6,Q62,A5
P7,Q62,A5
P8,Q62,A5
P0,Q63,A5
P1,Q63,A5
P2,Q63,A5
P3,Q63,A10
P4,Q63,A5
P5,Q63,A5
P6,Q63,A5
P7,Q63,A5
P8,Q63,A5
P0,Q64,A5
P1,Q64,A5
P2,Q64,A5
P3,Q64,A5
P4,Q64,A5
P5,Q64,A7
P6,Q64,A5
P7,Q64,A5
P8,Q64,A5
P0,Q65,A12
P1,Q65,A12
P2,Q65,A12
P3,Q65,A0
P4,Q65,A12
P5,Q65,A12
P6,Q65,A19
P7,Q65,A12
P8,Q65,A12
P0,Q66,A12
P1,Q66,A12
P2,Q66,A12
P3,Q66,A0
P4,Q66,A12
P5,Q66,A12
P6,Q66,A12
P7,Q66,A12
P8,Q66,A12
P0,Q67,A19
P1,Q67,A19
P2,Q67,A19
P3,Q67,A19
P4,Q67,A19
P5,Q67,A4
P6,Q67,A19
P7,Q67,A19
P8,Q67,A19
P0,Q68,A19
P1,Q68,A19
P2,Q68,A19
P3,Q68,A19
P4,Q68,A19
P5,Q68,A19
P6,Q68,A19
P7,Q68,A19
P8,Q68,A19
P0,Q69,A19
P1,Q69,A19
P2,Q69,A19
P3,Q69,A19
P4,Q69,A19
P5,Q69,A4
P6,Q69,A19
P7,Q69,A19
P8,Q69,A19
P0,Q70,A10
P1,Q70,A10
P2,Q70,A10
P3,Q70,A10
P4,Q70,A10
P5,Q70,A10
P6,Q70,A10
P7,Q70,A10
P8,Q70,A10
P0,Q71,A10
P1,Q71,A10
P2,Q71,A10
P3,Q71,A10
P4,Q71,A10
P5,Q71,A10
P6,Q71,A10
P7,Q71,A10
P8,Q71,A10
P0,Q72,A10
P1,Q72,A10
P2,Q72,A10
P3,Q72,A10
P4,Q72,A10
P5,Q72,A10
P6,Q72,A10
P7,Q72,A10
P8,Q72,A10
P0,Q73,A10
P1,Q73,A10
P2,Q73,A10
P3,Q73,A10
P4,Q73,A10
P5,Q73,A10
P6,Q73,A10
P7,Q73,A10
P8,Q73,A10
P0,Q74,A10
P1,Q74,A10
P2,Q74,A10
P3,Q74,A10
P4,Q74,A10
P5,Q74,A10
P6,Q74,A10
P7,Q74,A10
P8,Q74,A10
P0,Q75,A7
P1,Q75,A7
P2,Q75,A7
P3,Q75,A7
P4,Q75,A7
P5,Q75,A7
P6,Q75,A7
P7,Q75,A7
P8,Q75,A7
P0,Q76,A7
P1,Q76,A7
P2,Q76,A7
P3,Q76,A7
P4,Q76,A7
P5,Q76,A7
P6,Q76,A7
P7,Q76,A7
P8,Q76,A7
P0,Q77,A7
P1,Q77,A7
P2,Q77,A7
P3,Q77,A7
P4,Q77,A7
P5,Q77,A7
P6,Q77,A7
P7,Q77,A7
P8,Q77,A7
P0,Q78,A15
P1,Q78,A15
P2,Q78,A15
P3,Q78,A11
P4,Q78,A15
P5,Q78,A15
P6,Q78,A15
P7,Q78,A15
P8,Q78,A15
P0,Q79,A15
P1,Q79,A15
P2,Q79,A15
P3,Q79,A10
P4,Q79,A15
P5,Q79,A4
P6,Q79,A15
P7,Q79,A15
P8,Q79,A15
P0,Q80,A0
P1,Q80,A0
P2,Q80,A0
P3,Q80,A0
P4,Q80,A0
P5,Q80,A0
P6,Q80,A0
P7,Q80,A0
P8,Q80,A0
P0,Q81,A0
P1,Q81,A0
P2,Q81,A0
P3,Q81,A0
P4,Q81,A0
P5,Q81,A0
P6,Q81,A0
P7,Q81,A0
P8,Q81,A0
P0,Q82,A0
P1,Q82,A0
P2,Q82,A0
P3,Q82,A0
P4,Q82,A0
P5,Q82,A0
P6,Q82,A0
P7,Q82,A0
P8,Q82,A0
P0,Q83,A0
P1,Q83,A0
P2,Q83,A0
P3,Q83,A0
P4,Q83,A0
P5,Q83,A0
P6,Q83,A0
P7,Q83,A0
P8,Q83,A0
P0,Q84,A11
P1,Q84,A11
P2,Q84,A11
P3,Q84,A11
P4,Q84,A11
P5,Q84,A11
P6,Q84,A11
P7,Q84,A11
P8,Q84,A11
P0,Q85,A11
P1,Q85,A11
P2,Q85,A11
P3,Q85,A11
P4,Q85,A11
P5,Q85,A11
P6,Q85,A11
P7,Q85,A11
P8,Q85,A11
P0,Q86,A11
P1,Q86,A11
P2,Q86,A11
P3,Q86,A11
P4,Q86,A11
P5,Q86,A11
P6,Q86,A11
P7,Q86,A11
P8,Q86,A11
P0,Q87,A11
P1,Q87,A18
P2,Q87,A16
P3,Q87,A11
P4,Q87,A16
P5,Q87,A11
P6,Q87,A5
P7,Q87,A16
P8,Q87,A5
P0,Q88,A16
P1,Q88,A16
P2,Q88,A16
P3,Q88,A10
P4,Q88,A16
P5,Q88,A11
P6,Q88,A16
P7,Q88,A16
P8,Q88,A16
P0,Q89,A1
P1,Q89,A1
P2,Q89,A1
P3,Q89,A0
P4,Q89,A1
P5,Q89,A1
P6,Q89,A1
P7,Q89,A1
P8,Q89,A1
P0,Q90,A1
P1,Q90,A1
P2,Q90,A1
P3,Q90,A1
P4,Q90,A1
P5,Q90,A1
P6,Q90,A1
P7,Q90,A1
P8,Q90,A1
P0,Q91,A1
P1,Q91,A1
P2,Q91,A1
P3,Q91,A0
P4,Q91,A1
P5,Q91,A1
P6,Q91,A1
P7,Q91,A1
P8,Q91,A1
P0,Q92,A1
P1,Q92,A1
P2,Q92,A1
P3,Q92,A0
P4,Q92,A1
P5,Q92,A1
P6,Q92,A1
P7,Q92,A1
P8,Q92,A1
P0,Q93,A17
P1,Q93,A17
P2,Q93,A17
P3,Q93,A17
P4,Q93,A17
P5,Q93,A17
P6,Q93,A17
P7,Q93,A17
P8,Q93,A17
P0,Q94,A17
P1,Q94,A17
P2,Q94,A17
P3,Q94,A17
P4,Q94,A17
P5,Q94,A17
P6,Q94,A17
P7,Q94,A17
P8,Q94,A17
P0,Q95,A2
P1,Q95,A2
P2,Q95,A2
P3,Q95,A2
P4,Q95,A2
P5,Q95,A2
P6,Q95,A2
P7,Q95,A2
P8,Q95,A2
P0,Q96,A2
P1,Q96,A2
P2,Q96,A2
P3,Q96,A2
P4,Q96,A2
P5,Q96,A2
P6,Q96,A2
P7,Q96,A2
P8,Q96,A2
P0,Q97,A2
P1,Q97,A2
P2,Q97,A2
P3,Q97,A2
P4,Q97,A2
P5,Q97,A2
P6,Q97,A2
P7,Q97,A2
P8,Q97,A2
P0,Q98,A6
P1,Q98,A6
P2,Q98,A6
P3,Q98,A10
P4,Q98,A6
P5,Q98,A5
P6,Q98,A6
P7,Q98,A6
P8,Q98,A6
P0,Q99,A6
P1,Q99,A6
P2,Q99,A6
P3,Q99,A10
P4,Q99,A6
P5,Q99,A7
P6,Q99,A6
P7,Q99,A6
P8,Q99,A6
P0,Q100,A13
P1,Q100,A13
P2,Q100,A13
P3,Q100,A2
P4,Q100,A13
P5,Q100,A13
P6,Q100,A13
P7,Q100,A13
P8,Q100,A13
P0,Q101,A13
P1,Q101,A13
P2,Q101,A13
P3,Q101,A2
P4,Q101,A13
P5,Q101,A15
P6,Q101,A13
P7,Q101,A13
P8,Q101,A13
P0,Q102,A13
P1,Q102,A13
P2,Q102,A13
P3,Q102,A2
P4,Q102,A13
P5,Q102,A10
P6,Q102,A19
P7,Q102,A13
P8,Q102,A13
P0,Q103,A14
P1,Q103,A14
P2,Q103,A14
P3,Q103,A14
P4,Q103,A14
P5,Q103,A14
P6,Q103,A14
P7,Q103,A14
P8,Q103,A14
P0,Q104,A14
P1,Q104,A14
P2,Q104,A14
P3,Q104,A14
P4,Q104,A14
P5,Q104,A14
P6,Q104,A14
P7,Q104,A14
P8,Q104,A14
P0,Q105,A4
P1,Q105,A4
P2,Q105,A4
P3,Q105,A10
P4,Q105,A4
P5,Q105,A4
P6,Q105,A4
P7,Q105,A4
P8,Q105,A4
P0,Q106,A4
P1,Q106,A4
P2,Q106,A4
P3,Q106,A10
P4,Q106,A4
P5,Q106,A4
P6,Q106,A4
P7,Q106,A4
P8,Q106,A4
P0,Q107,A4
P1,Q107,A4
P2,Q107,A4
P3,Q107,A11
P4,Q107,A4
P5,Q107,A4
P6,Q107,A4
P7,Q107,A4
P8,Q107,A4
P0,Q108,A8
P1,Q108,A8
P2,Q108,A8
P3,Q108,A9
P4,Q108,A8
P5,Q108,A9
P6,Q108,A8
P7,Q108,A8
P8,Q108,A8
P0,Q109,A8
P1,Q109,A8
P2,Q109,A8
P3,Q109,A10
P4,Q109,A8
P5,Q109,A8
P6,Q109,A8
P7,Q109,A8
P8,Q109,A8
P0,Q110,A3
P1,Q110,A3
P2,Q110,A3
P3,Q110,A3
P4,Q110,A3
P5,Q110,A3
P6,Q110,A3
P7,Q110,A3
P8,Q110,A3
P0,Q111,A3
P1,Q111,A3
P2,Q111,A3
P3,Q111,A3
P4,Q111,A3
P5,Q111,A3
P6,Q111,A3
P7,Q111,A3
P8,Q111,A3
P0,Q112,A3
P1,Q112,A3
P2,Q112,A3
P3,Q112,A3
P4,Q112,A3
P5,Q112,A3
P6,Q112,A3
P7,Q112,A3
P8,Q112,A3
P0,Q113,A3
P1,Q113,A3
P2,Q113,A3
P3,Q113,A3
P4,Q113,A3
P5,Q113,A3
P6,Q113,A3
P7,Q113,A3
P8,Q113,A3
P0,Q114,A18
P1,Q114,A18
P2,Q114,A18
P3,Q114,A9
P4,Q114,A18
P5,Q114,A18
P6,Q114,A18
P7,Q114,A18
P8,Q114,A18
P0,Q115,A18
P1,Q115,A18
P2,Q115,A18
P3,Q115,A17
P4,Q115,A18
P5,Q115,A17
P6,Q115,A18
P7,Q115,A18
P8,Q115,A18
P0,Q116,A9
P1,Q116,A9
P2,Q116,A9
P3,Q116,A9
P4,Q116,A9
P5,Q116,A9
P6,Q116,A9
P7,Q116,A9
P8,Q116,A9
P0,Q117,A9
P1,Q117,A9
P2,Q117,A9
P3,Q117,A9
P4,Q117,A9
P5,Q117,A9
P6,Q117,A9
P7,Q117,A9
P8,Q117,A9
P0,Q118,A9
P1,Q118,A9
P2,Q118,A9
P3,Q118,A9
P4,Q118,A9
P5,Q118,A9
P6,Q118,A9
P7,Q118,A9
P8,Q118,A9
P0,Q119,A5
P1,Q119,A5
P2,Q119,A5
P3,Q119,A10
P4,Q119,A5
P5,Q119,A5
P6,Q119,A5
P7,Q119,A5
P8,Q119,A5
P0,Q120,A5
P1,Q120,A5
P2,Q120,A5
P3,Q120,A10
P4,Q120,A5
P5,Q120,A5
P6,Q120,A5
P7,Q120,A5
P8,Q120,A5
P0,Q121,A5
P1,Q121,A5
P2,Q121,A5
P3,Q121,A10
P4,Q121,A5
P5,Q121,A5
P6,Q121,A5
P7,Q121,A5
P8,Q121,A5
P0,Q122,A12
P1,Q122,A12
P2,Q122,A12
P3,Q122,A1
P4,Q122,A12
P5,Q122,A12
P6,Q122,A12
P7,Q122,A12
P8,Q122,A12
P0,Q123,A12
P1,Q123,A12
P2,Q123,A12
P3,Q123,A1
P4,Q123,A12
P5,Q123,A12
P6,Q123,A12
P7,Q123,A12
P8,Q123,A12
P0,Q124,A12
P1,Q124,A12
P2,Q124,A12
P3,Q124,A0
P4,Q124,A12
P5,Q124,A12
P6,Q124,A12
P7,Q124,A12
P8,Q124,A12
P0,Q125,A19
P1,Q125,A19
P2,Q125,A19
P3,Q125,A19
P4,Q125,A19
P5,Q125,A4
P6,Q125,A19
P7,Q125,A19
P8,Q125,A19
P0,Q126,A19
P1,Q126,A19
P2,Q126,A19
P3,Q126,A19
P4,Q126,A19
P5,Q126,A4
P6,Q126,A19
P7,Q126,A19
P8,Q126,A19
P0,Q127,A19
P1,Q127,A19
P2,Q127,A19
P3,Q127,A2
P4,Q127,A19
P5,Q127,A4
P6,Q127,A19
P7,Q127,A19
P8,Q127,A19
P0,Q128,A10
P1,Q128,A10
P2,Q128,A10
P3,Q128,A10
P4,Q128,A10
P5,Q128,A10
P6,Q128,A10
P7,Q128,A10
P8,Q128,A10
P0,Q129,A10
P1,Q129,A10
P2,Q129,A10
P3,Q129,A10
P4,Q129,A10
P5,Q129,A10
P6,Q129,A10
P7,Q129,A10
P8,Q129,A10
P0,Q130,A10
P1,Q130,A10
P2,Q130,A10
P3,Q130,A10
P4,Q130,A10
P5,Q130,A10
P6,Q130,A10
P7,Q130,A10
P8,Q130,A10
P0,Q131,A10
P1,Q131,A10
P2,Q131,A10
P3,Q131,A10
P4,Q131,A10
P5,Q131,A10
P6,Q131,A10
P7,Q131,A10
P8,Q131,A10
P0,Q132,A10
P1,Q132,A10
P2,Q132,A10
P3,Q132,A10
P4,Q132,A10
P5,Q132,A10
P6,Q132,A10
P7,Q132,A10
P8,Q132,A10
P0,Q133,A7
P1,Q133,A7
P2,Q133,A7
P3,Q133,A7
P4,Q133,A7
P5,Q133,A7
P6,Q133,A7
P7,Q133,A7
P8,Q133,A7
P0,Q134,A7
P1,Q134,A7
P2,Q134,A7
P3,Q134,A7
P4,Q134,A7
P5,Q134,A7
P6,Q134,A7
P7,Q134,A7
P8,Q134,A7
P0,Q135,A7
P1,Q135,A7
P2,Q135,A7
P3,Q135,A10
P4,Q135,A7
P5,Q135,A5
P6,Q135,A7
P7,Q135,A7
P8,Q135,A7
P0,Q136,A15
P1,Q136,A15
P2,Q136,A15
P3,Q136,A10
P4,Q136,A15
P5,Q136,A4
P6,Q136,A15
P7,Q136,A15
P8,Q136,A15
P0,Q137,A15
P1,Q137,A15
P2,Q137,A15
P3,Q137,A11
P4,Q137,A15
P5,Q137,A15
P6,Q137,A15
P7,Q137,A15
P8,Q137,A15
P0,Q138,A0
P1,Q138,A0
P2,Q138,A0
P3,Q138,A0
P4,Q138,A0
P5,Q138,A0
P6,Q138,A0
P7,Q138,A0
P8,Q138,A0
P0,Q139,A0
P1,Q139,A0
P2,Q139,A0
P3,Q139,A0
P4,Q139,A0
P5,Q139,A0
P6,Q139,A0
P7,Q139,A0
P8,Q139,A0
P0,Q140,A0
P1,Q140,A0
P2,Q140,A0
P3,Q140,A0
P4,Q140,A0
P5,Q140,A0
P6,Q140,A0
P7,Q140,A0
P8,Q140,A0
P0,Q141,A0
P1,Q141,A0
P2,Q141,A0
P3,Q141,A0
P4,Q141,A0
P5,Q141,A0
P6,Q141,A0
P7,Q141,A0
P8,Q141,A0
P0,Q142,A11
P1,Q142,A11
P2,Q142,A11
P3,Q142,A11
P4,Q142,A11
P5,Q142,A11
P6,Q142,A11
P7,Q142,A11
P8,Q142,A11
P0,Q143,A11
P1,Q143,A11
P2,Q143,A11
P3,Q143,A11
P4,Q143,A11
P5,Q143,A11
P6,Q143,A11
P7,Q143,A11
P8,Q143,A11
P0,Q144,A11
P1,Q144,A11
P2,Q144,A11
P3,Q144,A11
P4,Q144,A11
P5,Q144,A11
P6,Q144,A11
P7,Q144,A11
P8,Q144,A11
P0,Q145,A16
P1,Q145,A16
P2,Q145,A16
P3,Q145,A10
P4,Q145,A16
P5,Q145,A11
P6,Q145,A16
P7,Q145,A16
P8,Q145,A16
P0,Q146,A16
P1,Q146,A16
P2,Q146,A16
P3,Q146,A10
P4,Q146,A16
P5,Q146,A16
P6,Q146,A5
P7,Q146,A16
P8,Q146,A16
P0,Q147,A1
P1,Q147,A1
P2,Q147,A1
P3,Q147,A1
P4,Q147,A1
P5,Q147,A1
P6,Q147,A1
P7,Q147,A1
P8,Q147,A1
P0,Q148,A1
P1,Q148,A1
P2,Q148,A1
P3,Q148,A0
P4,Q148,A1
P5,Q148,A1
P6,Q148,A1
P7,Q148,A1
P8,Q148,A1
P0,Q149,A1
P1,Q149,A1
P2,Q149,A1
P3,Q149,A0
P4,Q149,A1
P5,Q149,A1
P6,Q149,A1
P7,Q149,A1
P8,Q149,A1
P0,Q150,A1
P1,Q150,A1
P2,Q150,A1
P3,Q150,A1
P4,Q150,A1
P5,Q150,A1
P6,Q150,A1
P7,Q150,A1
P8,Q150,A1
P0,Q151,A17
P1,Q151,A17
P2,Q151,A17
P3,Q151,A10
P4,Q151,A17
P5,Q151,A17
P6,Q151,A17
P7,Q151,A17
P8,Q151,A17
P0,Q152,A17
P1,Q152,A17
P2,Q152,A17
P3,Q152,A17
P4,Q152,A17
P5,Q152,A17
P6,Q152,A3
P7,Q152,A17
P8,Q152,A17
P0,Q153,A2
P1,Q153,A2
P2,Q153,A2
P3,Q153,A2
P4,Q153,A2
P5,Q153,A2
P6,Q153,A2
P7,Q153,A2
P8,Q153,A2
P0,Q154,A2
P1,Q154,A2
P2,Q154,A2
P3,Q154,A2
P4,Q154,A2
P5,Q154,A2
P6,Q154,A2
P7,Q154,A2
P8,Q154,A2
P0,Q155,A2
P1,Q155,A2
P2,Q155,A2
P3,Q155,A2
P4,Q155,A2
P5,Q155,A2
P6,Q155,A2
P7,Q155,A2
P8,Q155,A2
P0,Q156,A6
P1,Q156,A6
P2,Q156,A6
P3,Q156,A7
P4,Q156,A6
P5,Q156,A7
P6,Q156,A6
P7,Q156,A6
P8,Q156,A6
P0,Q157,A6
P1,Q157,A6
P2,Q157,A6
P3,Q157,A10
P4,Q157,A6
P5,Q157,A9
P6,Q157,A6
P7,Q157,A6
P8,Q157,A6
P0,Q158,A13
P1,Q158,A13
P2,Q158,A13
P3,Q158,A3
P4,Q158,A13
P5,Q158,A19
P6,Q158,A13
P7,Q158,A13
P8,Q158,A13
P0,Q159,A13
P1,Q159,A13
P2,Q159,A13
P3,Q159,A2
P4,Q159,A13
P5,Q159,A13
P6,Q159,A13
P7,Q159,A13
P8,Q159,A13
P0,Q160,A14
P1,Q160,A14
P2,Q160,A14
P3,Q160,A14
P4,Q160,A14
P5,Q160,A14
P6,Q160,A14
P7,Q160,A14
P8,Q160,A14
P0,Q161,A14
P1,Q161,A14
P2,Q161,A14
P3,Q161,A14
P4,Q161,A14
P5,Q161,A14
P6,Q161,A14
P7,Q161,A14
P8,Q161,A14
P0,Q162,A14
P1,Q162,A14
P2,Q162,A14
P3,Q162,A14
P4,Q162,A14
P5,Q162,A7
P6,Q162,A18
P7,Q162,A14
P8,Q162,A14
P0,Q163,A4
P1,Q163,A4
P2,Q163,A4
P3,Q163,A11
P4,Q163,A4
P5,Q163,A4
P6,Q163,A4
P7,Q163,A4
P8,Q163,A4
P0,Q164,A4
P1,Q164,A4
P2,Q164,A4
P3,Q164,A10
P4,Q164,A4
P5,Q164,A4
P6,Q164,A4
P7,Q164,A4
P8,Q164,A4
P0,Q165,A4
P1,Q165,A4
P2,Q165,A4
P3,Q165,A4
P4,Q165,A4
P5,Q165,A4
P6,Q165,A4
P7,Q165,A4
P8,Q165,A4
P0,Q166,A8
P1,Q166,A8
P2,Q166,A8
P3,Q166,A9
P4,Q166,A8
P5,Q166,A9
P6,Q166,A8
P7,Q166,A8
P8,Q166,A8
P0,Q167,A8
P1,Q167,A8
P2,Q167,A8
P3,Q167,A10
P4,Q167,A8
P5,Q167,A8
P6,Q167,A8
P7,Q167,A8
P8,Q167,A8
P0,Q168,A3
P1,Q168,A3
P2,Q168,A3
P3,Q168,A3
P4,Q168,A3
P5,Q168,A3
P6,Q168,A3
P7,Q168,A3
P8,Q168,A3
P0,Q169,A3
P1,Q169,A3
P2,Q169,A3
P3,Q169,A3
P4,Q169,A3
P5,Q169,A3
P6,Q169,A3
P7,Q169,A3
P8,Q169,A3
P0,Q170,A3
P1,Q170,A3
P2,Q170,A3
P3,Q170,A3
P4,Q170,A3
P5,Q170,A3
P6,Q170,A3
P7,Q170,A3
P8,Q170,A3
P0,Q171,A3
P1,Q171,A3
P2,Q171,A3
P3,Q171,A2
P4,Q171,A3
P5,Q171,A3
P6,Q171,A3
P7,Q171,A3
P8,Q171,A3
P0,Q172,A18
P1,Q172,A18
P2,Q172,A18
P3,Q172,A10
P4,Q172,A18
P5,Q172,A18
P6,Q172,A18
P7,Q172,A18
P8,Q172,A18
P0,Q173,A18
P1,Q173,A18
P2,Q173,A18
P3,Q173,A17
P4,Q173,A18
P5,Q173,A17
P6,Q173,A18
P7,Q173,A18
P8,Q173,A18
P0,Q174,A9
P1,Q174,A9
P2,Q174,A9
P3,Q174,A9
P4,Q174,A9
P5,Q174,A9
P6,Q174,A9
P7,Q174,A9
P8,Q174,A9
P0,Q175,A9
P1,Q175,A9
P2,Q175,A9
P3,Q175,A9
P4,Q175,A9
P5,Q175,A9
P6,Q175,A9
P7,Q175,A9
P8,Q175,A9
P0,Q176,A9
P1,Q176,A9
P2,Q176,A9
P3,Q176,A9
P4,Q176,A9
P5,Q176,A9
P6,Q176,A9
P7,Q176,A9
P8,Q176,A9
P0,Q177,A5
P1,Q177,A5
P2,Q177,A5
P3,Q177,A10
P4,Q177,A5
P5,Q177,A5
P6,Q177,A5
P7,Q177,A5
P8,Q177,A5
P0,Q178,A5
P1,Q178,A5
P2,Q178,A5
P3,Q178,A5
P4,Q178,A5
P5,Q178,A5
P6,Q178,A5
P7,Q178,A5
P8,Q178,A5
P0,Q179,A5
P1,Q179,A5
P2,Q179,A5
P3,Q179,A10
P4,Q179,A5
P5,Q179,A5
P6,Q179,A5
P7,Q179,A5
P8,Q179,A5
P0,Q180,A12
P1,Q180,A12
P2,Q180,A12
P3,Q180,A0
P4,Q180,A12
P5,Q180,A12
P6,Q180,A12
P7,Q180,A12
P8,Q180,A12
P0,Q181,A12
P1,Q181,A12
P2,Q181,A12
P3,Q181,A0
P4,Q181,A12
P5,Q181,A12
P6,Q181,A12
P7,Q181,A12
P8,Q181,A12
P0,Q182,A12
P1,Q182,A12
P2,Q182,A12
P3,Q182,A0
P4,Q182,A12
P5,Q182,A12
P6,Q182,A12
P7,Q182,A12
P8,Q182,A12
P0,Q183,A19
P1,Q183,A19
P2,Q183,A19
P3,Q183,A19
P4,Q183,A19
P5,Q183,A19
P6,Q183,A19
P7,Q183,A19
P8,Q183,A19
P0,Q184,A19
P1,Q184,A19
P2,Q184,A19
P3,Q184,A19
P4,Q184,A19
P5,Q184,A4
P6,Q184,A19
P7,Q184,A19
P8,Q184,A19
P0,Q185,A19
P1,Q185,A19
P2,Q185,A19
P3,Q185,A19
P4,Q185,A19
P5,Q185,A4
P6,Q185,A19
P7,Q185,A19
P8,Q185,A19
P0,Q186,A10
P1,Q186,A10
P2,Q186,A10
P3,Q186,A10
P4,Q186,A10
P5,Q186,A10
P6,Q186,A10
P7,Q186,A10
P8,Q186,A10
P0,Q187,A10
P1,Q187,A10
P2,Q187,A10
P3,Q187,A10
P4,Q187,A10
P5,Q187,A10
P6,Q187,A10
P7,Q187,A10
P8,Q187,A10
P0,Q188,A10
P1,Q188,A10
P2,Q188,A10
P3,Q188,A10
P4,Q188,A10
P5,Q188,A10
P6,Q188,A10
P7,Q188,A10
P8,Q188,A10
P0,Q189,A10
P1,Q189,A10
P2,Q189,A10
P3,Q189,A10
P4,Q189,A10
P5,Q189,A10
P6,Q189,A10
P7,Q189,A10
P8,Q189,A10
P0,Q190,A10
P1,Q190,A10
P2,Q190,A10
P3,Q190,A10
P4,Q190,A10
P5,Q190,A10
P6,Q190,A10
P7,Q190,A10
P8,Q190,A10
P0,Q191,A7
P1,Q191,A7
P2,Q191,A7
P3,Q191,A7
P4,Q191,A7
P5,Q191,A7
P6,Q191,A7
P7,Q191,A7
P8,Q191,A7
P0,Q192,A7
P1,Q192,A7
P2,Q192,A7
P3,Q192,A7
P4,Q192,A7
P5,Q192,A7
P6,Q192,A7
P7,Q192,A7
P8,Q192,A7
P0,Q193,A7
P1,Q193,A7
P2,Q193,A7
P3,Q193,A9
P4,Q193,A7
P5,Q193,A10
P6,Q193,A7
P7,Q193,A7
P8,Q193,A7
P0,Q194,A15
P1,Q194,A15
P2,Q194,A15
P3,Q194,A10
P4,Q194,A15
P5,Q194,A4
P6,Q194,A15
P7,Q194,A15
P8,Q194,A15
P0,Q195,A15
P1,Q195,A15
P2,Q195,A15
P3,Q195,A11
P4,Q195,A15
P5,Q195,A15
P6,Q195,A15
P7,Q195,A15
P8,Q195,A15
P0,Q196,A0
P1,Q196,A0
P2,Q196,A0
P3,Q196,A0
P4,Q196,A0
P5,Q196,A9
P6,Q196,A12
P7,Q196,A12
P8,Q196,A0
P0,Q197,A0
P1,Q197,A0
P2,Q197,A0
P3,Q197,A0
P4,Q197,A0
P5,Q197,A0
P6,Q197,A0
P7,Q197,A0
P8,Q197,A0
P0,Q198,A0
P1,Q198,A0
P2,Q198,A0
P3,Q198,A0
P4,Q198,A0
P5,Q198,A0
P6,Q198,A0
P7,Q198,A0
P8,Q198,A0
P0,Q199,A0
P1,Q199,A0
P2,Q199,A0
P3,Q199,A0
P4,Q199,A0
P5,Q199,A0
P6,Q199,A0
P7,Q199,A0
P8,Q199,A0
P0,Q200,A11
P1,Q200,A11
P2,Q200,A11
P3,Q200,A11
P4,Q200,A11
P5,Q200,A11
P6,Q200,A11
P7,Q200,A11
P8,Q200,A11
P0,Q201,A11
P1,Q201,A11
P2,Q201,A11
P3,Q201,A11
P4,Q201,A11
P5,Q201,A11
P6,Q201,A11
P7,Q201,A11
P8,Q201,A11
P0,Q202,A11
P1,Q202,A11
P2,Q202,A11
P3,Q202,A11
P4,Q202,A11
P5,Q202,A11
P6,Q202,A11
P7,Q202,A11
P8,Q202,A11
P0,Q203,A16
P1,Q203,A16
P2,Q203,A16
P3,Q203,A11
P4,Q203,A16
P5,Q203,A16
P6,Q203,A16
P7,Q203,A16
P8,Q203,A16
P0,Q204,A16
P1,Q204,A16
P2,Q204,A16
P3,Q204,A10
P4,Q204,A16
P5,Q204,A11
P6,Q204,A16
P7,Q204,A16
P8,Q204,A16
P0,Q205,A1
P1,Q205,A1
P2,Q205,A1
P3,Q205,A1
P4,Q205,A1
P5,Q205,A1
P6,Q205,A1
P7,Q205,A1
P8,Q205,A1
P0,Q206,A1
P1,Q206,A1
P2,Q206,A1
P3,Q206,A0
P4,Q206,A1
P5,Q206,A1
P6,Q206,A1
P7,Q206,A1
P8,Q206,A1
P0,Q207,A1
P1,Q207,A1
P2,Q207,A1
P3,Q207,A0
P4,Q207,A1
P5,Q207,A1
P6,Q207,A1
P7,Q207,A1
P8,Q207,A1
P0,Q208,A17
P1,Q208,A17
P2,Q208,A17
P3,Q208,A17
P4,Q208,A17
P5,Q208,A17
P6,Q208,A17
P7,Q208,A17
P8,Q208,A17
P0,Q209,A17
P1,Q209,A17
P2,Q209,A17
P3,Q209,A17
P4,Q209,A17
P5,Q209,A17
P6,Q209,A17
P7,Q209,A17
P8,Q209,A17
P0,Q210,A17
P1,Q210,A17
P2,Q210,A17
P3,Q210,A17
P4,Q210,A17
P5,Q210,A17
P6,Q210,A17
P7,Q210,A17
P8,Q210,A17
P0,Q211,A2
P1,Q211,A2
P2,Q211,A2
P3,Q211,A2
P4,Q211,A2
P5,Q211,A2
P6,Q211,A2
P7,Q211,A2
P8,Q211,A2
P0,Q212,A2
P1,Q212,A2
P2,Q212,A2
P3,Q212,A2
P4,Q212,A2
P5,Q212,A2
P6,Q212,A2
P7,Q212,A2
P8,Q212,A2
P0,Q213,A2
P1,Q213,A2
P2,Q213,A2
P3,Q213,A2
P4,Q213,A2
P5,Q213,A2
P6,Q213,A2
P7,Q213,A2
P8,Q213,A2
P0,Q214,A7
P1,Q214,A6
P2,Q214,A7
P3,Q214,A9
P4,Q214,A8
P5,Q214,A8
P6,Q214,A6
P7,Q214,A6
P8,Q214,A8
P0,Q215,A6
P1,Q215,A6
P2,Q215,A6
P3,Q215,A10
P4,Q215,A6
P5,Q215,A8
P6,Q215,A6
P7,Q215,A6
P8,Q215,A6
P0,Q216,A13
P1,Q216,A13
P2,Q216,A13
P3,Q216,A2
P4,Q216,A13
P5,Q216,A13
P6,Q216,A13
P7,Q216,A13
P8,Q216,A13
P0,Q217,A13
P1,Q217,A12
P2,Q217,A13
P3,Q217,A3
P4,Q217,A3
P5,Q217,A3
P6,Q217,A5
P7,Q217,A13
P8,Q217,A13
P0,Q218,A14
P1,Q218,A14
P2,Q218,A14
P3,Q218,A14
P4,Q218,A14
P5,Q218,A14
P6,Q218,A14
P7,Q218,A14
P8,Q218,A14
P0,Q219,A14
P1,Q219,A14
P2,Q219,A14
P3,Q219,A10
P4,Q219,A14
P5,Q219,A14
P6,Q219,A14
P7,Q219,A14
P8,Q219,A14
P0,Q220,A14
P1,Q220,A14
P2,Q220,A14
P3,Q220,A10
P4,Q220,A14
P5,Q220,A14
P6,Q220,A14
P7,Q220,A14
P8,Q220,A14
P0,Q221,A4
P1,Q221,A4
P2,Q221,A4
P3,Q221,A4
P4,Q221,A4
P5,Q221,A4
P6,Q221,A4
P7,Q221,A4
P8,Q221,A4
P0,Q222,A4
P1,Q222,A4
P2,Q222,A4
P3,Q222,A10
P4,Q222,A4
P5,Q222,A4
P6,Q222,A0
P7,Q222,A4
P8,Q222,A4
P0,Q223,A4
P1,Q223,A4
P2,Q223,A4
P3,Q223,A10
P4,Q223,A4
P5,Q223,A4
P6,Q223,A4
P7,Q223,A4
P8,Q223,A4
P0,Q224,A8
P1,Q224,A8
P2,Q224,A8
P3,Q224,A10
P4,Q224,A8
P5,Q224,A8
P6,Q224,A8
P7,Q224,A8
P8,Q224,A8
P0,Q225,A8
P1,Q225,A8
P2,Q225,A8
P3,Q225,A9
P4,Q225,A8
P5,Q225,A8
P6,Q225,A18
P7,Q225,A8
P8,Q225,A8
P0,Q226,A3
P1,Q226,A3
P2,Q226,A3
P3,Q226,A3
P4,Q226,A3
P5,Q226,A3
P6,Q226,A3
P7,Q226,A3
P8,Q226,A3
P0,Q227,A3
P1,Q227,A3
P2,Q227,A3
P3,Q227,A3
P4,Q227,A3
P5,Q227,A3
P6,Q227,A3
P7,Q227,A3
P8,Q227,A3
P0,Q228,A3
P1,Q228,A3
P2,Q228,A3
P3,Q228,A11
P4,Q228,A3
P5,Q228,A3
P6,Q228,A3
P7,Q228,A3
P8,Q228,A3
P0,Q229,A3
P1,Q229,A3
P2,Q229,A3
P3,Q229,A3
P4,Q229,A3
P5,Q229,A3
P6,Q229,A3
P7,Q229,A3
P8,Q229,A3
P0,Q230,A18
P1,Q230,A18
P2,Q230,A18
P3,Q230,A17
P4,Q230,A18
P5,Q230,A17
P6,Q230,A18
P7,Q230,A18
P8,Q230,A18
P0,Q231,A18
P1,Q231,A18
P2,Q231,A18
P3,Q231,A10
P4,Q231,A18
P5,Q231,A18
P6,Q231,A18
P7,Q231,A18
P8,Q231,A18
P0,Q232,A9
P1,Q232,A9
P2,Q232,A9
P3,Q232,A9
P4,Q232,A9
P5,Q232,A10
P6,Q232,A9
P7,Q232,A9
P8,Q232,A9
P0,Q233,A9
P1,Q233,A9
P2,Q233,A9
P3,Q233,A9
P4,Q233,A9
P5,Q233,A9
P6,Q233,A9
P7,Q233,A9
P8,Q233,A9
P0,Q234,A9
P1,Q234,A9
P2,Q234,A9
P3,Q234,A9
P4,Q234,A9
P5,Q234,A9
P6,Q234,A9
P7,Q234,A9
P8,Q234,A9
P0,Q235,A5
P1,Q235,A5
P2,Q235,A5
P3,Q235,A10
P4,Q235,A5
P5,Q235,A9
P6,Q235,A5
P7,Q235,A5
P8,Q235,A5
P0,Q236,A5
P1,Q236,A5
P2,Q236,A5
P3,Q236,A5
P4,Q236,A5
P5,Q236,A9
P6,Q236,A5
P7,Q236,A5
P8,Q236,A5
P0,Q237,A5
P1,Q237,A5
P2,Q237,A5
P3,Q237,A5
P4,Q237,A5
P5,Q237,A5
P6,Q237,A5
P7,Q237,A5
P8,Q237,A5
P0,Q238,A12
P1,Q238,A12
P2,Q238,A12
P3,Q238,A0
P4,Q238,A12
P5,Q238,A12
P6,Q238,A12
P7,Q238,A12
P8,Q238,A12
P0,Q239,A12
P1,Q239,A12
P2,Q239,A12
P3,Q239,A1
P4,Q239,A12
P5,Q239,A12
P6,Q239,A12
P7,Q239,A12
P8,Q239,A12
P0,Q240,A12
P1,Q240,A12
P2,Q240,A12
P3,Q240,A0
P4,Q240,A12
P5,Q240,A2
P6,Q240,A12
P7,Q240,A12
P8,Q240,A12
P0,Q241,A19
P1,Q241,A19
P2,Q241,A19
P3,Q241,A19
P4,Q241,A19
P5,Q241,A19
P6,Q241,A19
P7,Q241,A19
P8,Q241,A19
P0,Q242,A19
P1,Q242,A19
P2,Q242,A19
P3,Q242,A19
P4,Q242,A19
P5,Q242,A19
P6,Q242,A19
P7,Q242,A19
P8,Q242,A19
P0,Q243,A19
P1,Q243,A19
P2,Q243,A19
P3,Q243,A19
P4,Q243,A19
P5,Q243,A19
P6,Q243,A19
P7,Q243,A19
P8,Q243,A19
P0,Q244,A10
P1,Q244,A10
P2,Q244,A10
P3,Q244,A10
P4,Q244,A10
P5,Q244,A10
P6,Q244,A10
P7,Q244,A10
P8,Q244,A10
P0,Q245,A10
P1,Q245,A10
P2,Q245,A10
P3,Q245,A10
P4,Q245,A10
P5,Q245,A10
P6,Q245,A10
P7,Q245,A10
P8,Q245,A10
P0,Q246,A9
P1,Q246,A10
P2,Q246,A10
P3,Q246,A10
P4,Q246,A10
P5,Q246,A10
P6,Q246,A9
P7,Q246,A10
P8,Q246,A10
P0,Q247,A10
P1,Q247,A10
P2,Q247,A10
P3,Q247,A10
P4,Q247,A10
P5,Q247,A10
P6,Q247,A10
P7,Q247,A10
P8,Q247,A10
P0,Q248,A10
P1,Q248,A10
P2,Q248,A10
P3,Q248,A10
P4,Q248,A10
P5,Q248,A10
P6,Q248,A10
P7,Q248,A10
P8,Q248,A10
P0,Q249,A7
P1,Q249,A7
P2,Q249,A7
P3,Q249,A9
P4,Q249,A7
P5,Q249,A7
P6,Q249,A7
P7,Q249,A7
P8,Q249,A7
P0,Q250,A7
P1,Q250,A7
P2,Q250,A7
P3,Q250,A5
P4,Q250,A7
P5,Q250,A7
P6,Q250,A1
P7,Q250,A1
P8,Q250,A7
P0,Q251,A15
P1,Q251,A15
P2,Q251,A15
P3,Q251,A15
P4,Q251,A15
P5,Q251,A15
P6,Q251,A15
P7,Q251,A15
P8,Q251,A15
P0,Q252,A15
P1,Q252,A15
P2,Q252,A15
P3,Q252,A10
P4,Q252,A15
P5,Q252,A4
P6,Q252,A15
P7,Q252,A15
P8,Q252,A15
P0,Q253,A15
P1,Q253,A15
P2,Q253,A15
P3,Q253,A5
P4,Q253,A15
P5,Q253,A15
P6,Q253,A15
P7,Q253,A15
P8,Q253,A15
P0,Q254,A0
P1,Q254,A0
P2,Q254,A0
P3,Q254,A0
P4,Q254,A0
P5,Q254,A12
P6,Q254,A1
P7,Q254,A0
P8,Q254,A0
P0,Q255,A0
P1,Q255,A0
P2,Q255,A0
P3,Q255,A0
P4,Q255,A0
P5,Q255,A9
P6,Q255,A0
P7,Q255,A0
P8,Q255,A0
P0,Q256,A0
P1,Q256,A0
P2,Q256,A0
P3,Q256,A0
P4,Q256,A0
P5,Q256,A0
P6,Q256,A0
P7,Q256,A0
P8,Q256,A0
P0,Q257,A0
P1,Q257,A0
P2,Q257,A0
P3,Q257,A0
P4,Q257,A0
P5,Q257,A0
P6,Q257,A0
P7,Q257,A0
P8,Q257,A0
P0,Q258,A11
P1,Q258,A11
P2,Q258,A11
P3,Q258,A11
P4,Q258,A11
P5,Q258,A11
P6,Q258,A11
P7,Q258,A11
P8,Q258,A11
P0,Q259,A11
P1,Q259,A11
P2,Q259,A11
P3,Q259,A11
P4,Q259,A11
P5,Q259,A11
P6,Q259,A11
P7,Q259,A11
P8,Q259,A11
P0,Q260,A11
P1,Q260,A11
P2,Q260,A11
P3,Q260,A11
P4,Q260,A11
P5,Q260,A11
P6,Q260,A11
P7,Q260,A11
P8,Q260,A11
P0,Q261,A16
P1,Q261,A16
P2,Q261,A16
P3,Q261,A10
P4,Q261,A16
P5,Q261,A16
P6,Q261,A16
P7,Q261,A16
P8,Q261,A16
P0,Q262,A16
P1,Q262,A16
P2,Q262,A16
P3,Q262,A10
P4,Q262,A16
P5,Q262,A11
P6,Q262,A16
P7,Q262,A16
P8,Q262,A16
P0,Q263,A1
P1,Q263,A1
P2,Q263,A1
P3,Q263,A1
P4,Q263,A1
P5,Q263,A1
P6,Q263,A1
P7,Q263,A1
P8,Q263,A1
P0,Q264,A1
P1,Q264,A1
P2,Q264,A1
P3,Q264,A0
P4,Q264,A1
P5,Q264,A1
P6,Q264,A1
P7,Q264,A1
P8,Q264,A1
P0,Q265,A1
P1,Q265,A1
P2,Q265,A1
P3,Q265,A1
P4,Q265,A1
P5,Q265,A1
P6,Q265,A1
P7,Q265,A1
P8,Q265,A1
P0,Q266,A17
P1,Q266,A17
P2,Q266,A17
P3,Q266,A10
P4,Q266,A18
P5,Q266,A17
P6,Q266,A17
P7,Q266,A17
P8,Q266,A17
P0,Q267,A17
P1,Q267,A17
P2,Q267,A17
P3,Q267,A17
P4,Q267,A17
P5,Q267,A17
P6,Q267,A17
P7,Q267,A17
P8,Q267,A17
P0,Q268,A17
P1,Q268,A17
P2,Q268,A17
P3,Q268,A17
P4,Q268,A17
P5,Q268,A17
P6,Q268,A17
P7,Q268,A17
P8,Q268,A17
P0,Q269,A2
P1,Q269,A2
P2,Q269,A2
P3,Q269,A2
P4,Q269,A2
P5,Q269,A2
P6,Q269,A2
P7,Q269,A2
P8,Q269,A2
P0,Q270,A2
P1,Q270,A2
P2,Q270,A2
P3,Q270,A2
P4,Q270,A2
P5,Q270,A2
P6,Q270,A2
P7,Q270,A2
P8,Q270,A2
P0,Q271,A2
P1,Q271,A2
P2,Q271,A2
P3,Q271,A2
P4,Q271,A2
P5,Q271,A2
P6,Q271,A2
P7,Q271,A2
P8,Q271,A2
P0,Q272,A6
P1,Q272,A6
P2,Q272,A6
P3,Q272,A3
P4,Q272,A6
P5,Q272,A17
P6,Q272,A6
P7,Q272,A6
P8,Q272,A6
P0,Q273,A6
P1,Q273,A8
P2,Q273,A6
P3,Q273,A10
P4,Q273,A6
P5,Q273,A8
P6,Q273,A8
P7,Q273,A6
P8,Q273,A6
P0,Q274,A13
P1,Q274,A13
P2,Q274,A13
P3,Q274,A19
P4,Q274,A13
P5,Q274,A13
P6,Q274,A3
P7,Q274,A13
P8,Q274,A13
P0,Q275,A13
P1,Q275,A13
P2,Q275,A13
P3,Q275,A2
P4,Q275,A13
P5,Q275,A10
P6,Q275,A13
P7,Q275,A13
P8,Q275,A13
P0,Q276,A14
P1,Q276,A14
P2,Q276,A14
P3,Q276,A14
P4,Q276,A14
P5,Q276,A17
P6,Q276,A14
P7,Q276,A14
P8,Q276,A14
P0,Q277,A14
P1,Q277,A14
P2,Q277,A14
P3,Q277,A14
P4,Q277,A14
P5,Q277,A14
P6,Q277,A18
P7,Q277,A14
P8,Q277,A14
P0,Q278,A14
P1,Q278,A14
P2,Q278,A14
P3,Q278,A14
P4,Q278,A14
P5,Q278,A14
P6,Q278,A14
P7,Q278,A14
P8,Q278,A14
P0,Q279,A4
P1,Q279,A4
P2,Q279,A4
P3,Q279,A10
P4,Q279,A4
P5,Q279,A4
P6,Q279,A4
P7,Q279,A4
P8,Q279,A4
P0,Q280,A4
P1,Q280,A4
P2,Q280,A4
P3,Q280,A10
P4,Q280,A4
P5,Q280,A4
P6,Q280,A4
P7,Q280,A4
P8,Q280,A4
P0,Q281,A8
P1,Q281,A8
P2,Q281,A8
P3,Q281,A9
P4,Q281,A8
P5,Q281,A9
P6,Q281,A8
P7,Q281,A8
P8,Q281,A8
P0,Q282,A8
P1,Q282,A8
P2,Q282,A8
P3,Q282,A9
P4,Q282,A8
P5,Q282,A9
P6,Q282,A8
P7,Q282,A8
P8,Q282,A8
P0,Q283,A8
P1,Q283,A8
P2,Q283,A8
P3,Q283,A9
P4,Q283,A8
P5,Q283,A9
P6,Q283,A8
P7,Q283,A8
P8,Q283,A8
P0,Q284,A3
P1,Q284,A3
P2,Q284,A3
P3,Q284,A3
P4,Q284,A3
P5,Q284,A3
P6,Q284,A3
P7,Q284,A3
P8,Q284,A3
P0,Q285,A3
P1,Q285,A3
P2,Q285,A3
P3,Q285,A3
P4,Q285,A3
P5,Q285,A3
P6,Q285,A3
P7,Q285,A3
P8,Q285,A3
P0,Q286,A3
P1,Q286,A3
P2,Q286,A3
P3,Q286,A3
P4,Q286,A3
P5,Q286,A3
P6,Q286,A3
P7,Q286,A3
P8,Q286,A3
P0,Q287,A18
P1,Q287,A18
P2,Q287,A18
P3,Q287,A17
P4,Q287,A18
P5,Q287,A18
P6,Q287,A18
P7,Q287,A18
P8,Q287,A18
P0,Q288,A18
P1,Q288,A18
P2,Q288,A18
P3,Q288,A9
P4,Q288,A18
P5,Q288,A18
P6,Q288,A18
P7,Q288,A18
P8,Q288,A18
P0,Q289,A9
P1,Q289,A9
P2,Q289,A9
P3,Q289,A9
P4,Q289,A9
P5,Q289,A9
P6,Q289,A9
P7,Q289,A9
P8,Q289,A9
P0,Q290,A9
P1,Q290,A9
P2,Q290,A9
P3,Q290,A9
P4,Q290,A9
P5,Q290,A9
P6,Q290,A9
P7,Q290,A9
P8,Q290,A9
P0,Q291,A9
P1,Q291,A9
P2,Q291,A9
P3,Q291,A9
P4,Q291,A9
P5,Q291,A9
P6,Q291,A9
P7,Q291,A9
P8,Q291,A9
P0,Q292,A5
P1,Q292,A5
P2,Q292,A5
P3,Q292,A5
P4,Q292,A5
P5,Q292,A5
P6,Q292,A5
P7,Q292,A5
P8,Q292,A5
P0,Q293,A5
P1,Q293,A5
P2,Q293,A5
P3,Q293,A10
P4,Q293,A5
P5,Q293,A5
P6,Q293,A5
P7,Q293,A5
P8,Q293,A5
P0,Q294,A5
P1,Q294,A5
P2,Q294,A5
P3,Q294,A10
P4,Q294,A5
P5,Q294,A5
P6,Q294,A5
P7,Q294,A5
P8,Q294,A5
P0,Q295,A12
P1,Q295,A12
P2,Q295,A12
P3,Q295,A0
P4,Q295,A12
P5,Q295,A12
P6,Q295,A12
P7,Q295,A12
P8,Q295,A12
P0,Q296,A12
P1,Q296,A12
P2,Q296,A12
P3,Q296,A0
P4,Q296,A12
P5,Q296,A1
P6,Q296,A12
P7,Q296,A12
P8,Q296,A12
P0,Q297,A12
P1,Q297,A12
P2,Q297,A12
P3,Q297,A0
P4,Q297,A12
P5,Q297,A12
P6,Q297,A12
P7,Q297,A12
P8,Q297,A12
P0,Q298,A19
P1,Q298,A19
P2,Q298,A19
P3,Q298,A19
P4,Q298,A19
P5,Q298,A19
P6,Q298,A19
P7,Q298,A19
P8,Q298,A19
P0,Q299,A19
P1,Q299,A19
P2,Q299,A19
P3,Q299,A19
P4,Q299,A19
P5,Q299,A19
P6,Q299,A19
P7,Q299,A19
P8,Q299,A19
P0,Q300,A19
P1,Q300,A19
P2,Q300,A19
P3,Q300,A19
P4,Q300,A19
P5,Q300,A19
P6,Q300,A19
P7,Q300,A19
P8,Q300,A19
P0,Q301,A10
P1,Q301,A10
P2,Q301,A10
P3,Q301,A10
P4,Q301,A10
P5,Q301,A10
P6,Q301,A10
P7,Q301,A10
P8,Q301,A10
P0,Q302,A10
P1,Q302,A10
P2,Q302,A10
P3,Q302,A10
P4,Q302,A10
P5,Q302,A10
P6,Q302,A10
P7,Q302,A10
P8,Q302,A10
P0,Q303,A10
P1,Q303,A10
P2,Q303,A10
P3,Q303,A10
P4,Q303,A10
P5,Q303,A10
P6,Q303,A10
P7,Q303,A10
P8,Q303,A10
P0,Q304,A10
P1,Q304,A10
P2,Q304,A10
P3,Q304,A10
P4,Q304,A10
P5,Q304,A10
P6,Q304,A10
P7,Q304,A10
P8,Q304,A10
P0,Q305,A10
P1,Q305,A10
P2,Q305,A10
P3,Q305,A10
P4,Q305,A10
P5,Q305,A10
P6,Q305,A10
P7,Q305,A10
P8,Q305,A10
P0,Q306,A7
P1,Q306,A7
P2,Q306,A7
P3,Q306,A5
P4,Q306,A7
P5,Q306,A7
P6,Q306,A7
P7,Q306,A7
P8,Q306,A7
P0,Q307,A7
P1,Q307,A7
P2,Q307,A7
P3,Q307,A7
P4,Q307,A7
P5,Q307,A7
P6,Q307,A7
P7,Q307,A7
P8,Q307,A7
P0,Q308,A15
P1,Q308,A5
P2,Q308,A15
P3,Q308,A10
P4,Q308,A15
P5,Q308,A4
P6,Q308,A7
P7,Q308,A15
P8,Q308,A15
P0,Q309,A15
P1,Q309,A15
P2,Q309,A15
P3,Q309,A10
P4,Q309,A15
P5,Q309,A4
P6,Q309,A15
P7,Q309,A15
P8,Q309,A15
P0,Q310,A15
P1,Q310,A15
P2,Q310,A15
P3,Q310,A10
P4,Q310,A15
P5,Q310,A4
P6,Q310,A15
P7,Q310,A15
P8,Q310,A15
P0,Q311,A0
P1,Q311,A0
P2,Q311,A0
P3,Q311,A0
P4,Q311,A0
P5,Q311,A0
P6,Q311,A0
P7,Q311,A0
P8,Q311,A0
P0,Q312,A0
P1,Q312,A0
P2,Q312,A0
P3,Q312,A0
P4,Q312,A0
P5,Q312,A0
P6,Q312,A0
P7,Q312,A0
P8,Q312,A0
P0,Q313,A0
P1,Q313,A0
P2,Q313,A0
P3,Q313,A0
P4,Q313,A0
P5,Q313,A0
P6,Q313,A0
P7,Q313,A0
P8,Q313,A0
P0,Q314,A11
P1,Q314,A11
P2,Q314,A11
P3,Q314,A11
P4,Q314,A11
P5,Q314,A11
P6,Q314,A11
P7,Q314,A11
P8,Q314,A11
P0,Q315,A11
P1,Q315,A11
P2,Q315,A11
P3,Q315,A11
P4,Q315,A11
P5,Q315,A11
P6,Q315,A11
P7,Q315,A11
P8,Q315,A11
P0,Q316,A11
P1,Q316,A11
P2,Q316,A11
P3,Q316,A11
P4,Q316,A11
P5,Q316,A11
P6,Q316,A11
P7,Q316,A11
P8,Q316,A11
P0,Q317,A11
P1,Q317,A11
P2,Q317,A11
P3,Q317,A11
P4,Q317,A11
P5,Q317,A11
P6,Q317,A11
P7,Q317,A11
P8,Q317,A11
P0,Q318,A16
P1,Q318,A16
P2,Q318,A16
P3,Q318,A10
P4,Q318,A16
P5,Q318,A16
P6,Q318,A16
P7,Q318,A16
P8,Q318,A16
P0,Q319,A16
P1,Q319,A16
P2,Q319,A16
P3,Q319,A10
P4,Q319,A16
P5,Q319,A16
P6,Q319,A16
P7,Q319,A16
P8,Q319,A16
P0,Q320,A1
P1,Q320,A1
P2,Q320,A1
P3,Q320,A0
P4,Q320,A1
P5,Q320,A1
P6,Q320,A1
P7,Q320,A1
P8,Q320,A1
P0,Q321,A1
P1,Q321,A1
P2,Q321,A1
P3,Q321,A0
P4,Q321,A1
P5,Q321,A1
P6,Q321,A1
P7,Q321,A1
P8,Q321,A1
P0,Q322,A1
P1,Q322,A1
P2,Q322,A1
P3,Q322,A0
P4,Q322,A1
P5,Q322,A1
P6,Q322,A1
P7,Q322,A1
P8,Q322,A1
P0,Q323,A17
P1,Q323,A17
P2,Q323,A17
P3,Q323,A17
P4,Q323,A17
P5,Q323,A17
P6,Q323,A17
P7,Q323,A17
P8,Q323,A17
P0,Q324,A17
P1,Q324,A17
P2,Q324,A17
P3,Q324,A10
P4,Q324,A18
P5,Q324,A17
P6,Q324,A17
P7,Q324,A17
P8,Q324,A17
P0,Q325,A2
P1,Q325,A2
P2,Q325,A2
P3,Q325,A2
P4,Q325,A2
P5,Q325,A2
P6,Q325,A2
P7,Q325,A2
P8,Q325,A2
P0,Q326,A2
P1,Q326,A2
P2,Q326,A2
P3,Q326,A2
P4,Q326,A2
P5,Q326,A19
P6,Q326,A19
P7,Q326,A2
P8,Q326,A2
P0,Q327,A2
P1,Q327,A2
P2,Q327,A2
P3,Q327,A2
P4,Q327,A2
P5,Q327,A2
P6,Q327,A2
P7,Q327,A2
P8,Q327,A2
P0,Q328,A2
P1,Q328,A2
P2,Q328,A2
P3,Q328,A2
P4,Q328,A2
P5,Q328,A2
P6,Q328,A2
P7,Q328,A2
P8,Q328,A2
P0,Q329,A6
P1,Q329,A6
P2,Q329,A6
P3,Q329,A9
P4,Q329,A6
P5,Q329,A17
P6,Q329,A10
P7,Q329,A6
P8,Q329,A6
P0,Q330,A6
P1,Q330,A6
P2,Q330,A6
P3,Q330,A7
P4,Q330,A6
P5,Q330,A7
P6,Q330,A6
P7,Q330,A6
P8,Q330,A6
P0,Q331,A13
P1,Q331,A13
P2,Q331,A13
P3,Q331,A3
P4,Q331,A13
P5,Q331,A10
P6,Q331,A13
P7,Q331,A13
P8,Q331,A13
P0,Q332,A13
P1,Q332,A13
P2,Q332,A13
P3,Q332,A3
P4,Q332,A13
P5,Q332,A10
P6,Q332,A13
P7,Q332,A13
P8,Q332,A13
P0,Q333,A14
P1,Q333,A14
P2,Q333,A14
P3,Q333,A0
P4,Q333,A14
P5,Q333,A14
P6,Q333,A14
P7,Q333,A14
P8,Q333,A14
P0,Q334,A14
P1,Q334,A14
P2,Q334,A14
P3,Q334,A14
P4,Q334,A14
P5,Q334,A14
P6,Q334,A14
P7,Q334,A14
P8,Q334,A14
P0,Q335,A14
P1,Q335,A14
P2,Q335,A14
P3,Q335,A0
P4,Q335,A14
P5,Q335,A14
P6,Q335,A14
P7,Q335,A14
P8,Q335,A14
P0,Q336,A4
P1,Q336,A4
P2,Q336,A4
P3,Q336,A11
P4,Q336,A4
P5,Q336,A4
P6,Q336,A4
P7,Q336,A4
P8,Q336,A4
P0,Q337,A4
P1,Q337,A4
P2,Q337,A4
P3,Q337,A10
P4,Q337,A4
P5,Q337,A4
P6,Q337,A4
P7,Q337,A4
P8,Q337,A4
P0,Q338,A8
P1,Q338,A8
P2,Q338,A8
P3,Q338,A9
P4,Q338,A8
P5,Q338,A10
P6,Q338,A8
P7,Q338,A8
P8,Q338,A8
P0,Q339,A8
P1,Q339,A8
P2,Q339,A8
P3,Q339,A10
P4,Q339,A8
P5,Q339,A8
P6,Q339,A8
P7,Q339,A8
P8,Q339,A8
P0,Q340,A8
P1,Q340,A8
P2,Q340,A8
P3,Q340,A10
P4,Q340,A8
P5,Q340,A8
P6,Q340,A6
P7,Q340,A8
P8,Q340,A8
P0,Q341,A3
P1,Q341,A3
P2,Q341,A3
P3,Q341,A3
P4,Q341,A3
P5,Q341,A3
P6,Q341,A3
P7,Q341,A3
P8,Q341,A3
P0,Q342,A3
P1,Q342,A3
P2,Q342,A3
P3,Q342,A3
P4,Q342,A3
P5,Q342,A3
P6,Q342,A3
P7,Q342,A3
P8,Q342,A3
P0,Q343,A3
P1,Q343,A3
P2,Q343,A3
P3,Q343,A2
P4,Q343,A3
P5,Q343,A3
P6,Q343,A3
P7,Q343,A3
P8,Q343,A3
P0,Q344,A18
P1,Q344,A18
P2,Q344,A18
P3,Q344,A17
P4,Q344,A18
P5,Q344,A17
P6,Q344,A18
P7,Q344,A18
P8,Q344,A18
P0,Q345,A18
P1,Q345,A18
P2,Q345,A18
P3,Q345,A17
P4,Q345,A18
P5,Q345,A17
P6,Q345,A18
P7,Q345,A18
P8,Q345,A18
P0,Q346,A9
P1,Q346,A9
P2,Q346,A9
P3,Q346,A9
P4,Q346,A9
P5,Q346,A9
P6,Q346,A9
P7,Q346,A9
P8,Q346,A9
P0,Q347,A9
P1,Q347,A9
P2,Q347,A9
P3,Q347,A9
P4,Q347,A9
P5,Q347,A9
P6,Q347,A9
P7,Q347,A9
P8,Q347,A9
P0,Q348,A9
P1,Q348,A9
P2,Q348,A9
P3,Q348,A9
P4,Q348,A9
P5,Q348,A9
P6,Q348,A9
P7,Q348,A9
P8,Q348,A9
P0,Q349,A5
P1,Q349,A5
P2,Q349,A5
P3,Q349,A10
P4,Q349,A5
P5,Q349,A5
P6,Q349,A5
P7,Q349,A5
P8,Q349,A5
P0,Q350,A5
P1,Q350,A5
P2,Q350,A5
P3,Q350,A9
P4,Q350,A5
P5,Q350,A5
P6,Q350,A5
P7,Q350,A5
P8,Q350,A5
P0,Q351,A5
P1,Q351,A5
P2,Q351,A5
P3,Q351,A10
P4,Q351,A5
P5,Q351,A5
P6,Q351,A5
P7,Q351,A5
P8,Q351,A5
P0,Q352,A12
P1,Q352,A12
P2,Q352,A12
P3,Q352,A0
P4,Q352,A12
P5,Q352,A12
P6,Q352,A12
P7,Q352,A12
P8,Q352,A12
P0,Q353,A12
P1,Q353,A12
P2,Q353,A12
P3,Q353,A1
P4,Q353,A12
P5,Q353,A12
P6,Q353,A12
P7,Q353,A12
P8,Q353,A12
P0,Q354,A12
P1,Q354,A12
P2,Q354,A12
P3,Q354,A0
P4,Q354,A12
P5,Q354,A12
P6,Q354,A12
P7,Q354,A12
P8,Q354,A12
P0,Q355,A19
P1,Q355,A19
P2,Q355,A19
P3,Q355,A2
P4,Q355,A19
P5,Q355,A4
P6,Q355,A19
P7,Q355,A19
P8,Q355,A19
P0,Q356,A19
P1,Q356,A19
P2,Q356,A19
P3,Q356,A19
P4,Q356,A19
P5,Q356,A4
P6,Q356,A19
P7,Q356,A19
P8,Q356,A19
P0,Q357,A19
P1,Q357,A19
P2,Q357,A19
P3,Q357,A2
P4,Q357,A19
P5,Q357,A19
P6,Q357,A19
P7,Q357,A19
P8,Q357,A19
P0,Q358,A10
P1,Q358,A10
P2,Q358,A10
P3,Q358,A10
P4,Q358,A10
P5,Q358,A10
P6,Q358,A10
P7,Q358,A10
P8,Q358,A10
P0,Q359,A10
P1,Q359,A10
P2,Q359,A10
P3,Q359,A10
P4,Q359,A10
P5,Q359,A10
P6,Q359,A10
P7,Q359,A10
P8,Q359,A10
P0,Q360,A10
P1,Q360,A10
P2,Q360,A10
P3,Q360,A10
P4,Q360,A10
P5,Q360,A10
P6,Q360,A10
P7,Q360,A10
P8,Q360,A10
P0,Q361,A10
P1,Q361,A10
P2,Q361,A10
P3,Q361,A10
P4,Q361,A10
P5,Q361,A10
P6,Q361,A10
P7,Q361,A10
P8,Q361,A10
P0,Q362,A10
P1,Q362,A10
P2,Q362,A10
P3,Q362,A10
P4,Q362,A10
P5,Q362,A10
P6,Q362,A10
P7,Q362,A10
P8,Q362,A10
P0,Q363,A7
P1,Q363,A7
P2,Q363,A7
P3,Q363,A7
P4,Q363,A7
P5,Q363,A5
P6,Q363,A7
P7,Q363,A7
P8,Q363,A7
P0,Q364,A7
P1,Q364,A7
P2,Q364,A7
P3,Q364,A7
P4,Q364,A7
P5,Q364,A5
P6,Q364,A7
P7,Q364,A7
P8,Q364,A7
P0,Q365,A15
P1,Q365,A15
P2,Q365,A15
P3,Q365,A10
P4,Q365,A15
P5,Q365,A15
P6,Q365,A15
P7,Q365,A15
P8,Q365,A15
P0,Q366,A15
P1,Q366,A15
P2,Q366,A15
P3,Q366,A11
P4,Q366,A15
P5,Q366,A15
P6,Q366,A15
P7,Q366,A15
P8,Q366,A15
P0,Q367,A15
P1,Q367,A15
P2,Q367,A15
P3,Q367,A10
P4,Q367,A15
P5,Q367,A15
P6,Q367,A15
P7,Q367,A15
P8,Q367,A15
P0,Q368,A0
P1,Q368,A0
P2,Q368,A0
P3,Q368,A0
P4,Q368,A0
P5,Q368,A0
P6,Q368,A0
P7,Q368,A0
P8,Q368,A0
P0,Q369,A0
P1,Q369,A0
P2,Q369,A0
P3,Q369,A0
P4,Q369,A0
P5,Q369,A0
P6,Q369,A0
P7,Q369,A0
P8,Q369,A0
P0,Q370,A0
P1,Q370,A0
P2,Q370,A0
P3,Q370,A0
P4,Q370,A0
P5,Q370,A0
P6,Q370,A0
P7,Q370,A0
P8,Q370,A0
P0,Q371,A11
P1,Q371,A11
P2,Q371,A11
P3,Q371,A11
P4,Q371,A11
P5,Q371,A11
P6,Q371,A11
P7,Q371,A11
P8,Q371,A11
P0,Q372,A11
P1,Q372,A11
P2,Q372,A11
P3,Q372,A11
P4,Q372,A11
P5,Q372,A11
P6,Q372,A11
P7,Q372,A11
P8,Q372,A11
P0,Q373,A11
P1,Q373,A11
P2,Q373,A11
P3,Q373,A11
P4,Q373,A11
P5,Q373,A11
P6,Q373,A11
P7,Q373,A11
P8,Q373,A11
P0,Q374,A11
P1,Q374,A11
P2,Q374,A11
P3,Q374,A11
P4,Q374,A11
P5,Q374,A11
P6,Q374,A11
P7,Q374,A11
P8,Q374,A11
P0,Q375,A16
P1,Q375,A16
P2,Q375,A16
P3,Q375,A10
P4,Q375,A16
P5,Q375,A16
P6,Q375,A16
P7,Q375,A16
P8,Q375,A16
P0,Q376,A16
P1,Q376,A16
P2,Q376,A16
P3,Q376,A11
P4,Q376,A16
P5,Q376,A18
P6,Q376,A16
P7,Q376,A16
P8,Q376,A16
P0,Q377,A1
P1,Q377,A1
P2,Q377,A1
P3,Q377,A1
P4,Q377,A1
P5,Q377,A1
P6,Q377,A1
P7,Q377,A1
P8,Q377,A1
P0,Q378,A1
P1,Q378,A1
P2,Q378,A1
P3,Q378,A0
P4,Q378,A1
P5,Q378,A1
P6,Q378,A1
P7,Q378,A1
P8,Q378,A1
P0,Q379,A1
P1,Q379,A1
P2,Q379,A1
P3,Q379,A1
P4,Q379,A1
P5,Q379,A1
P6,Q379,A1
P7,Q379,A1
P8,Q379,A1
P0,Q380,A17
P1,Q380,A17
P2,Q380,A17
P3,Q380,A17
P4,Q380,A17
P5,Q380,A17
P6,Q380,A17
P7,Q380,A17
P8,Q380,A17
P0,Q381,A17
P1,Q381,A17
P2,Q381,A17
P3,Q381,A17
P4,Q381,A17
P5,Q381,A17
P6,Q381,A17
P7,Q381,A17
P8,Q381,A17
P0,Q382,A2
P1,Q382,A2
P2,Q382,A2
P3,Q382,A2
P4,Q382,A2
P5,Q382,A2
P6,Q382,A2
P7,Q382,A2
P8,Q382,A2
P0,Q383,A2
P1,Q383,A2
P2,Q383,A2
P3,Q383,A2
P4,Q383,A2
P5,Q383,A2
P6,Q383,A2
P7,Q383,A2
P8,Q383,A2
P0,Q384,A2
P1,Q384,A2
P2,Q384,A2
P3,Q384,A2
P4,Q384,A2
P5,Q384,A2
P6,Q384,A2
P7,Q384,A2
P8,Q384,A2
P0,Q385,A2
P1,Q385,A2
P2,Q385,A2
P3,Q385,A2
P4,Q385,A2
P5,Q385,A2
P6,Q385,A2
P7,Q385,A2
P8,Q385,A2
P0,Q386,A6
P1,Q386,A6
P2,Q386,A6
P3,Q386,A9
P4,Q386,A6
P5,Q386,A17
P6,Q386,A6
P7,Q386,A6
P8,Q386,A6
P0,Q387,A6
P1,Q387,A6
P2,Q387,A6
P3,Q387,A7
P4,Q387,A6
P5,Q387,A5
P6,Q387,A7
P7,Q387,A6
P8,Q387,A6
P0,Q388,A13
P1,Q388,A13
P2,Q388,A2
P3,Q388,A2
P4,Q388,A13
P5,Q388,A2
P6,Q388,A0
P7,Q388,A13
P8,Q388,A13
P0,Q389,A13
P1,Q389,A13
P2,Q389,A13
P3,Q389,A3
P4,Q389,A13
P5,Q389,A13
P6,Q389,A13
P7,Q389,A13
P8,Q389,A13
P0,Q390,A14
P1,Q390,A14
P2,Q390,A14
P3,Q390,A14
P4,Q390,A14
P5,Q390,A14
P6,Q390,A14
P7,Q390,A14
P8,Q390,A14
P0,Q391,A14
P1,Q391,A14
P2,Q391,A14
P3,Q391,A0
P4,Q391,A14
P5,Q391,A17
P6,Q391,A14
P7,Q391,A14
P8,Q391,A14
P0,Q392,A14
P1,Q392,A14
P2,Q392,A14
P3,Q392,A14
P4,Q392,A14
P5,Q392,A14
P6,Q392,A14
P7,Q392,A14
P8,Q392,A14
P0,Q393,A4
P1,Q393,A4
P2,Q393,A4
P3,Q393,A10
P4,Q393,A4
P5,Q393,A4
P6,Q393,A4
P7,Q393,A4
P8,Q393,A4
P0,Q394,A4
P1,Q394,A4
P2,Q394,A4
P3,Q394,A11
P4,Q394,A4
P5,Q394,A4
P6,Q394,A4
P7,Q394,A4
P8,Q394,A4
P0,Q395,A8
P1,Q395,A8
P2,Q395,A8
P3,Q395,A10
P4,Q395,A8
P5,Q395,A8
P6,Q395,A8
P7,Q395,A8
P8,Q395,A8
P0,Q396,A8
P1,Q396,A8
P2,Q396,A8
P3,Q396,A9
P4,Q396,A8
P5,Q396,A8
P6,Q396,A8
P7,Q396,A8
P8,Q396,A8
P0,Q397,A8
P1,Q397,A8
P2,Q397,A8
P3,Q397,A9
P4,Q397,A8
P5,Q397,A8
P6,Q397,A8
P7,Q397,A8
P8,Q397,A8
P0,Q398,A3
P1,Q398,A3
P2,Q398,A3
P3,Q398,A3
P4,Q398,A3
P5,Q398,A3
P6,Q398,A3
P7,Q398,A3
P8,Q398,A3
P0,Q399,A3
P1,Q399,A2
P2,Q399,A2
P3,Q399,A2
P4,Q399,A2
P5,Q399,A10
P6,Q399,A3
P7,Q399,A3
P8,Q399,A6
P0,Q400,A3
P1,Q400,A3
P2,Q400,A3
P3,Q400,A3
P4,Q400,A3
P5,Q400,A3
P6,Q400,A3
P7,Q400,A3
P8,Q400,A3
P0,Q401,A18
P1,Q401,A18
P2,Q401,A18
P3,Q401,A17
P4,Q401,A18
P5,Q401,A17
P6,Q401,A18
P7,Q401,A18
P8,Q401,A18
P0,Q402,A18
P1,Q402,A18
P2,Q402,A18
P3,Q402,A17
P4,Q402,A18
P5,Q402,A17
P6,Q402,A18
P7,Q402,A18
P8,Q402,A18
P0,Q403,A9
P1,Q403,A9
P2,Q403,A9
P3,Q403,A9
P4,Q403,A9
P5,Q403,A9
P6,Q403,A9
P7,Q403,A9
P8,Q403,A9
P0,Q404,A9
P1,Q404,A9
P2,Q404,A9
P3,Q404,A9
P4,Q404,A9
P5,Q404,A9
P6,Q404,A9
P7,Q404,A9
P8,Q404,A9
P0,Q405,A9
P1,Q405,A9
P2,Q405,A9
P3,Q405,A9
P4,Q405,A9
P5,Q405,A9
P6,Q405,A9
P7,Q405,A9
P8,Q405,A9
P0,Q406,A5
P1,Q406,A5
P2,Q406,A5
P3,Q406,A9
P4,Q406,A5
P5,Q406,A7
P6,Q406,A5
P7,Q406,A5
P8,Q406,A5
P0,Q407,A5
P1,Q407,A5
P2,Q407,A5
P3,Q407,A10
P4,Q407,A5
P5,Q407,A5
P6,Q407,A5
P7,Q407,A5
P8,Q407,A5
P0,Q408,A5
P1,Q408,A5
P2,Q408,A5
P3,Q408,A10
P4,Q408,A5
P5,Q408,A5
P6,Q408,A5
P7,Q408,A5
P8,Q408,A5
P0,Q409,A12
P1,Q409,A12
P2,Q409,A12
P3,Q409,A0
P4,Q409,A12
P5,Q409,A12
P6,Q409,A12
P7,Q409,A12
P8,Q409,A12
P0,Q410,A12
P1,Q410,A12
P2,Q410,A12
P3,Q410,A0
P4,Q410,A12
P5,Q410,A12
P6,Q410,A12
P7,Q410,A12
P8,Q410,A12
P0,Q411,A12
P1,Q411,A12
P2,Q411,A12
P3,Q411,A0
P4,Q411,A12
P5,Q411,A12
P6,Q411,A12
P7,Q411,A12
P8,Q411,A12
P0,Q412,A19
P1,Q412,A19
P2,Q412,A19
P3,Q412,A19
P4,Q412,A19
P5,Q412,A4
P6,Q412,A19
P7,Q412,A19
P8,Q412,A19
P0,Q413,A19
P1,Q413,A19
P2,Q413,A19
P3,Q413,A19
P4,Q413,A19
P5,Q413,A19
P6,Q413,A19
P7,Q413,A19
P8,Q413,A19
P0,Q414,A19
P1,Q414,A19
P2,Q414,A19
P3,Q414,A2
P4,Q414,A19
P5,Q414,A19
P6,Q414,A2
P7,Q414,A19
P8,Q414,A19
P0,Q415,A10
P1,Q415,A10
P2,Q415,A10
P3,Q415,A10
P4,Q415,A10
P5,Q415,A10
P6,Q415,A10
P7,Q415,A10
P8,Q415,A10
P0,Q416,A10
P1,Q416,A10
P2,Q416,A10
P3,Q416,A10
P4,Q416,A10
P5,Q416,A10
P6,Q416,A10
P7,Q416,A10
P8,Q416,A10
P0,Q417,A10
P1,Q417,A10
P2,Q417,A10
P3,Q417,A10
P4,Q417,A10
P5,Q417,A10
P6,Q417,A10
P7,Q417,A10
P8,Q417,A10
P0,Q418,A10
P1,Q418,A10
P2,Q418,A10
P3,Q418,A10
P4,Q418,A10
P5,Q418,A10
P6,Q418,A10
P7,Q418,A10
P8,Q418,A10
P0,Q419,A10
P1,Q419,A10
P2,Q419,A10
P3,Q419,A10
P4,Q419,A10
P5,Q419,A10
P6,Q419,A10
P7,Q419,A10
P8,Q419,A10
P0,Q420,A7
P1,Q420,A7
P2,Q420,A7
P3,Q420,A9
P4,Q420,A7
P5,Q420,A7
P6,Q420,A7
P7,Q420,A7
P8,Q420,A7
P0,Q421,A7
P1,Q421,A7
P2,Q421,A7
P3,Q421,A10
P4,Q421,A7
P5,Q421,A10
P6,Q421,A7
P7,Q421,A7
P8,Q421,A7
P0,Q422,A15
P1,Q422,A15
P2,Q422,A15
P3,Q422,A10
P4,Q422,A15
P5,Q422,A15
P6,Q422,A15
P7,Q422,A15
P8,Q422,A15
P0,Q423,A15
P1,Q423,A15
P2,Q423,A15
P3,Q423,A10
P4,Q423,A15
P5,Q423,A4
P6,Q423,A15
P7,Q423,A15
P8,Q423,A15
P0,Q424,A0
P1,Q424,A0
P2,Q424,A0
P3,Q424,A0
P4,Q424,A0
P5,Q424,A0
P6,Q424,A0
P7,Q424,A0
P8,Q424,A0
P0,Q425,A0
P1,Q425,A0
P2,Q425,A0
P3,Q425,A0
P4,Q425,A0
P5,Q425,A0
P6,Q425,A0
P7,Q425,A0
P8,Q425,A0
P0,Q426,A0
P1,Q426,A0
P2,Q426,A0
P3,Q426,A0
P4,Q426,A0
P5,Q426,A0
P6,Q426,A0
P7,Q426,A0
P8,Q426,A0
P0,Q427,A0
P1,Q427,A0
P2,Q427,A0
P3,Q427,A0
P4,Q427,A0
P5,Q427,A0
P6,Q427,A0
P7,Q427,A0
P8,Q427,A0
P0,Q428,A11
P1,Q428,A11
P2,Q428,A11
P3,Q428,A11
P4,Q428,A11
P5,Q428,A11
P6,Q428,A11
P7,Q428,A11
P8,Q428,A11
P0,Q429,A11
P1,Q429,A11
P2,Q429,A11
P3,Q429,A11
P4,Q429,A11
P5,Q429,A11
P6,Q429,A11
P7,Q429,A11
P8,Q429,A11
P0,Q430,A11
P1,Q430,A11
P2,Q430,A11
P3,Q430,A10
P4,Q430,A11
P5,Q430,A11
P6,Q430,A11
P7,Q430,A11
P8,Q430,A11
P0,Q431,A11
P1,Q431,A11
P2,Q431,A11
P3,Q431,A11
P4,Q431,A11
P5,Q431,A11
P6,Q431,A11
P7,Q431,A11
P8,Q431,A11
P0,Q432,A16
P1,Q432,A16
P2,Q432,A16
P3,Q432,A10
P4,Q432,A16
P5,Q432,A16
P6,Q432,A5
P7,Q432,A16
P8,Q432,A16
P0,Q433,A16
P1,Q433,A16
P2,Q433,A16
P3,Q433,A11
P4,Q433,A16
P5,Q433,A11
P6,Q433,A16
P7,Q433,A16
P8,Q433,A16
P0,Q434,A1
P1,Q434,A1
P2,Q434,A1
P3,Q434,A0
P4,Q434,A1
P5,Q434,A1
P6,Q434,A1
P7,Q434,A1
P8,Q434,A1
P0,Q435,A1
P1,Q435,A1
P2,Q435,A1
P3,Q435,A1
P4,Q435,A1
P5,Q435,A1
P6,Q435,A1
P7,Q435,A1
P8,Q435,A1
P0,Q436,A1
P1,Q436,A1
P2,Q436,A1
P3,Q436,A1
P4,Q436,A1
P5,Q436,A1
P6,Q436,A1
P7,Q436,A1
P8,Q436,A1
P0,Q437,A17
P1,Q437,A17
P2,Q437,A17
P3,Q437,A10
P4,Q437,A17
P5,Q437,A17
P6,Q437,A17
P7,Q437,A17
P8,Q437,A17
P0,Q438,A17
P1,Q438,A17
P2,Q438,A17
P3,Q438,A17
P4,Q438,A17
P5,Q438,A17
P6,Q438,A17
P7,Q438,A17
P8,Q438,A17
P0,Q439,A2
P1,Q439,A2
P2,Q439,A2
P3,Q439,A2
P4,Q439,A2
P5,Q439,A2
P6,Q439,A2
P7,Q439,A2
P8,Q439,A2
P0,Q440,A2
P1,Q440,A19
P2,Q440,A2
P3,Q440,A2
P4,Q440,A2
P5,Q440,A2
P6,Q440,A18
P7,Q440,A2
P8,Q440,A2
P0,Q441,A2
P1,Q441,A2
P2,Q441,A2
P3,Q441,A2
P4,Q441,A2
P5,Q441,A2
P6,Q441,A2
P7,Q441,A2
P8,Q441,A2
P0,Q442,A2
P1,Q442,A2
P2,Q442,A2
P3,Q442,A2
P4,Q442,A2
P5,Q442,A2
P6,Q442,A2
P7,Q442,A2
P8,Q442,A2
P0,Q443,A6
P1,Q443,A6
P2,Q443,A6
P3,Q443,A10
P4,Q443,A6
P5,Q443,A5
P6,Q443,A6
P7,Q443,A6
P8,Q443,A6
P0,Q444,A6
P1,Q444,A6
P2,Q444,A6
P3,Q444,A10
P4,Q444,A6
P5,Q444,A5
P6,Q444,A6
P7,Q444,A6
P8,Q444,A6
P0,Q445,A13
P1,Q445,A13
P2,Q445,A13
P3,Q445,A2
P4,Q445,A13
P5,Q445,A13
P6,Q445,A13
P7,Q445,A13
P8,Q445,A13
P0,Q446,A13
P1,Q446,A13
P2,Q446,A13
P3,Q446,A2
P4,Q446,A13
P5,Q446,A10
P6,Q446,A13
P7,Q446,A13
P8,Q446,A13
P0,Q447,A14
P1,Q447,A14
P2,Q447,A14
P3,Q447,A14
P4,Q447,A14
P5,Q447,A14
P6,Q447,A14
P7,Q447,A14
P8,Q447,A14
P0,Q448,A14
P1,Q448,A14
P2,Q448,A14
P3,Q448,A14
P4,Q448,A14
P5,Q448,A14
P6,Q448,A14
P7,Q448,A14
P8,Q448,A14
P0,Q449,A14
P1,Q449,A14
P2,Q449,A14
P3,Q449,A14
P4,Q449,A14
P5,Q449,A14
P6,Q449,A14
P7,Q449,A14
P8,Q449,A14
P0,Q450,A4
P1,Q450,A4
P2,Q450,A4
P3,Q450,A10
P4,Q450,A4
P5,Q450,A4
P6,Q450,A4
P7,Q450,A4
P8,Q450,A4
P0,Q451,A4
P1,Q451,A4
P2,Q451,A4
P3,Q451,A11
P4,Q451,A4
P5,Q451,A4
P6,Q451,A4
P7,Q451,A4
P8,Q451,A4
P0,Q452,A8
P1,Q452,A8
P2,Q452,A8
P3,Q452,A9
P4,Q452,A8
P5,Q452,A10
P6,Q452,A8
P7,Q452,A8
P8,Q452,A8
P0,Q453,A8
P1,Q453,A8
P2,Q453,A8
P3,Q453,A9
P4,Q453,A8
P5,Q453,A8
P6,Q453,A8
P7,Q453,A8
P8,Q453,A8
P0,Q454,A8
P1,Q454,A8
P2,Q454,A8
P3,Q454,A10
P4,Q454,A8
P5,Q454,A8
P6,Q454,A10
P7,Q454,A8
P8,Q454,A8
P0,Q455,A3
P1,Q455,A3
P2,Q455,A3
P3,Q455,A3
P4,Q455,A3
P5,Q455,A3
P6,Q455,A3
P7,Q455,A3
P8,Q455,A3
P0,Q456,A3
P1,Q456,A3
P2,Q456,A3
P3,Q456,A3
P4,Q456,A3
P5,Q456,A3
P6,Q456,A3
P7,Q456,A3
P8,Q456,A3
P0,Q457,A3
P1,Q457,A3
P2,Q457,A3
P3,Q457,A3
P4,Q457,A3
P5,Q457,A3
P6,Q457,A3
P7,Q457,A3
P8,Q457,A3
P0,Q458,A18
P1,Q458,A18
P2,Q458,A18
P3,Q458,A10
P4,Q458,A18
P5,Q458,A17
P6,Q458,A18
P7,Q458,A18
P8,Q458,A18
P0,Q459,A18
P1,Q459,A18
P2,Q459,A18
P3,Q459,A10
P4,Q459,A18
P5,Q459,A17
P6,Q459,A18
P7,Q459,A18
P8,Q459,A18
P0,Q460,A9
P1,Q460,A9
P2,Q460,A9
P3,Q460,A9
P4,Q460,A9
P5,Q460,A10
P6,Q460,A9
P7,Q460,A9
P8,Q460,A9
P0,Q461,A9
P1,Q461,A9
P2,Q461,A9
P3,Q461,A9
P4,Q461,A9
P5,Q461,A9
P6,Q461,A9
P7,Q461,A9
P8,Q461,A9
P0,Q462,A9
P1,Q462,A9
P2,Q462,A9
P3,Q462,A9
P4,Q462,A9
P5,Q462,A10
P6,Q462,A9
P7,Q462,A9
P8,Q462,A9
P0,Q463,A5
P1,Q463,A5
P2,Q463,A5
P3,Q463,A10
P4,Q463,A5
P5,Q463,A5
P6,Q463,A5
P7,Q463,A5
P8,Q463,A5
P0,Q464,A5
P1,Q464,A5
P2,Q464,A5
P3,Q464,A10
P4,Q464,A5
P5,Q464,A9
P6,Q464,A5
P7,Q464,A5
P8,Q464,A5
