Q0,A9
Q1,A9
Q2,A9
Q3,A9
Q4,A5
Q5,A5
Q6,A5
Q7,A12
Q8,A12
Q9,A19
Q10,A19
Q11,A19
Q12,A10
Q13,A10
Q14,A10
Q15,A10
Q16,A10
Q17,A7
Q18,A7
Q19,A7
Q20,A15
Q21,A15
Q22,A0
Q23,A0
Q24,A0
Q25,A0
Q26,A11
Q27,A11
Q28,A11
Q29,A16
Q30,A16
Q31,A1
Q32,A1
Q33,A1
Q34,A1
Q35,A17
Q36,A17
Q37,A2
Q38,A2
Q39,A2
Q40,A6
Q41,A6
Q42,A13
Q43,A13
Q44,A13
Q45,A14
Q46,A14
Q47,A4
Q48,A4
Q49,A4
Q50,A8
Q51,A8
Q52,A3
Q53,A3
Q54,A3
Q55,A3
Q56,A18
Q57,A18
Q58,A9
Q59,A9
Q60,A9
Q61,A9
Q62,A5
Q63,A5
Q64,A5
Q65,A12
Q66,A12
Q67,A19
Q68,A19
Q69,A19
Q70,A10
Q71,A10
Q72,A10
Q73,A10
Q74,A10
Q75,A7
Q76,A7
Q77,A7
Q78,A15
Q79,A15
Q80,A0
Q81,A0
Q82,A0
Q83,A0
Q84,A11
Q85,A11
Q86,A11
Q87,A16
Q88,A16
Q89,A1
Q90,A1
Q91,A1
Q92,A1
Q93,A17
Q94,A17
Q95,A2
Q96,A2
Q97,A2
Q98,A6
Q99,A6
Q100,A13
Q101,A13
Q102,A13
Q103,A14
Q104,A14
Q105,A4
Q106,A4
Q107,A4
Q108,A8
Q109,A8
Q110,A3
Q111,A3
Q112,A3
Q113,A3
Q114,A18
Q115,A18
Q116,A9
Q117,A9
Q118,A9
Q119,A5
Q120,A5
Q121,A5
Q122,A12
Q123,A12
Q124,A12
Q125,A19
Q126,A19
Q127,A19
Q128,A10
Q129,A10
Q130,A10
Q131,A10
Q132,A10
Q133,A7
Q134,A7
Q135,A7
Q136,A15
Q137,A15
Q138,A0
Q139,A0
Q140,A0
Q141,A0
Q142,A11
Q143,A11
Q144,A11
Q145,A16
Q146,A16
Q147,A1
Q148,A1
Q149,A1
Q150,A1
Q151,A17
Q152,A17
Q153,A2
Q154,A2
Q155,A2
Q156,A6
Q157,A6
Q158,A13
Q159,A13
Q160,A14
Q161,A14
Q162,A14
Q163,A4
Q164,A4
Q165,A4
Q166,A8
Q167,A8
Q168,A3
Q169,A3
Q170,A3
Q171,A3
Q172,A18
Q173,A18
Q174,A9
Q175,A9
Q176,A9
Q177,A5
Q178,A5
Q179,A5
Q180,A12
Q181,A12
Q182,A12
Q183,A19
Q184,A19
Q185,A19
Q186,A10
Q187,A10
Q188,A10
Q189,A10
Q190,A10
Q191,A7
Q192,A7
Q193,A7
Q194,A15
Q195,A15
Q196,A0
Q197,A0
Q198,A0
Q199,A0
Q200,A11
Q201,A11
Q202,A11
Q203,A16
Q204,A16
Q205,A1
Q206,A1
Q207,A1
Q208,A17
Q209,A17
Q210,A17
Q211,A2
Q212,A2
Q213,A2
Q214,A6
Q215,A6
Q216,A13
Q217,A13
Q218,A14
Q219,A14
Q220,A14
Q221,A4
Q222,A4
Q223,A4
Q224,A8
Q225,A8
Q226,A3
Q227,A3
Q228,A3
Q229,A3
Q230,A18
Q231,A18
Q232,A9
Q233,A9
Q234,A9
Q235,A5
Q236,A5
Q237,A5
Q238,A12
Q239,A12
Q240,A12
Q241,A19
Q242,A19
Q243,A19
Q244,A10
Q245,A10
Q246,A10
Q247,A10
Q248,A10
Q249,A7
Q250,A7
Q251,A15
Q252,A15
Q253,A15
Q254,A0
Q255,A0
Q256,A0
Q257,A0
Q258,A11
Q259,A11
Q260,A11
Q261,A16
Q262,A16
Q263,A1
Q264,A1
Q265,A1
Q266,A17
Q267,A17
Q268,A17
Q269,A2
Q270,A2
Q271,A2
Q272,A6
Q273,A6
Q274,A13
Q275,A13
Q276,A14
Q277,A14
Q278,A14
Q279,A4
Q280,A4
Q281,A8
Q282,A8
Q283,A8
Q284,A3
Q285,A3
Q286,A3
Q287,A18
Q288,A18
Q289,A9
Q290,A9
Q291,A9
Q292,A5
Q293,A5
Q294,A5
Q295,A12
Q296,A12
Q297,A12
Q298,A19
Q299,A19
Q300,A19
Q301,A10
Q302,A10
Q303,A10
Q304,A10
Q305,A10
Q306,A7
Q307,A7
Q308,A15
Q309,A15
Q310,A15
Q311,A0
Q312,A0
Q313,A0
Q314,A11
Q315,A11
Q316,A11
Q317,A11
Q318,A16
Q319,A16
Q320,A1
Q321,A1
Q322,A1
Q323,A17
Q324,A17
Q325,A2
Q326,A2
Q327,A2
Q328,A2
Q329,A6
Q330,A6
Q331,A13
Q332,A13
Q333,A14
Q334,A14
Q335,A14
Q336,A4
Q337,A4
Q338,A8
Q339,A8
Q340,A8
Q341,A3
Q342,A3
Q343,A3
Q344,A18
Q345,A18
Q346,A9
Q347,A9
Q348,A9
Q349,A5
Q350,A5
Q351,A5
Q352,A12
Q353,A12
Q354,A12
Q355,A19
Q356,A19
Q357,A19
Q358,A10
Q359,A10
Q360,A10
Q361,A10
Q362,A10
Q363,A7
Q364,A7
Q365,A15
Q366,A15
Q367,A15
Q368,A0
Q369,A0
Q370,A0
Q371,A11
Q372,A11
Q373,A11
Q374,A11
Q375,A16
Q376,A16
Q377,A1
Q378,A1
Q379,A1
Q380,A17
Q381,A17
Q382,A2
Q383,A2
Q384,A2
Q385,A2
Q386,A6
Q387,A6
Q388,A13
Q389,A13
Q390,A14
Q391,A14
Q392,A14
Q393,A4
Q394,A4
Q395,A8
Q396,A8
Q397,A8
Q398,A3
Q399,A3
Q400,A3
Q401,A18
Q402,A18
Q403,A9
Q404,A9
Q405,A9
Q406,A5
Q407,A5
Q408,A5
Q409,A12
Q410,A12
Q411,A12
Q412,A19
Q413,A19
Q414,A19
Q415,A10
Q416,A10
Q417,A10
Q418,A10
Q419,A10
Q420,A7
Q421,A7
Q422,A15
Q423,A15
Q424,A0
Q425,A0
Q426,A0
Q427,A0
Q428,A11
Q429,A11
Q430,A11
Q431,A11
Q432,A16
Q433,A16
Q434,A1
Q435,A1
Q436,A1
Q437,A17
Q438,A17
Q439,A2
Q440,A2
Q441,A2
Q442,A2
Q443,A6
Q444,A6
Q445,A13
Q446,A13
Q447,A14
Q448,A14
Q449,A14
Q450,A4
Q451,A4
Q452,A8
Q453,A8
Q454,A8
Q455,A3
Q456,A3
Q457,A3
Q458,A18
Q459,A18
Q460,A9
Q461,A9
Q462,A9
Q463,A5
Q464,A5
