P0,Q0,A6
P1,Q0,A21
P2,Q0,A21
P3,Q0,A6
P4,Q0,A24
P5,Q0,A21
P6,Q0,A6
P7,Q0,A21
P8,Q0,A6
P9,Q0,A6
P0,Q1,A13
P1,Q1,A13
P2,Q1,A13
P3,Q1,A5
P4,Q1,A13
P5,Q1,A9
P6,Q1,A12
P7,Q1,A13
P8,Q1,A21
P9,Q1,A9
P0,Q2,A9
P1,Q2,A12
P2,Q2,A10
P3,Q2,A28
P4,Q2,A10
P5,Q2,A28
P6,Q2,A10
P7,Q2,A9
P8,Q2,A9
P9,Q2,A10
P0,Q3,A8
P1,Q3,A23
P2,Q3,A8
P3,Q3,A8
P4,Q3,A8
P5,Q3,A8
P6,Q3,A3
P7,Q3,A8
P8,Q3,A8
P9,Q3,A8
P0,Q4,A23
P1,Q4,A23
P2,Q4,A23
P3,Q4,A23
P4,Q4,A23
P5,Q4,A23
P6,Q4,A8
P7,Q4,A23
P8,Q4,A23
P9,Q4,A23
P0,Q5,A6
P1,Q5,A8
P2,Q5,A15
P3,Q5,A6
P4,Q5,A8
P5,Q5,A6
P6,Q5,A6
P7,Q5,A6
P8,Q5,A8
P9,Q5,A6
P0,Q6,A6
P1,Q6,A23
P2,Q6,A8
P3,Q6,A23
P4,Q6,A18
P5,Q6,A6
P6,Q6,A6
P7,Q6,A23
P8,Q6,A23
P9,Q6,A23
P0,Q7,A23
P1,Q7,A0
P2,Q7,A23
P3,Q7,A23
P4,Q7,A0
P5,Q7,A0
P6,Q7,A1
P7,Q7,A0
P8,Q7,A23
P9,Q7,A0
P0,Q8,A21
P1,Q8,A23
P2,Q8,A0
P3,Q8,A0
P4,Q8,A0
P5,Q8,A0
P6,Q8,A21
P7,Q8,A0
P8,Q8,A0
P9,Q8,A8
P0,Q9,A23
P1,Q9,A8
P2,Q9,A23
P3,Q9,A23
P4,Q9,A23
P5,Q9,A23
P6,Q9,A6
P7,Q9,A23
P8,Q9,A23
P9,Q9,A23
P0,Q10,A23
P1,Q10,A23
P2,Q10,A23
P3,Q10,A23
P4,Q10,A23
P5,Q10,A7
P6,Q10,A7
P7,Q10,A23
P8,Q10,A23
P9,Q10,A23
P0,Q11,A21
P1,Q11,A6
P2,Q11,A6
P3,Q11,A21
P4,Q11,A5
P5,Q11,A21
P6,Q11,A1
P7,Q11,A2
P8,Q11,A21
P9,Q11,A6
P0,Q12,A19
P1,Q12,A15
P2,Q12,A19
P3,Q12,A19
P4,Q12,A28
P5,Q12,A19
P6,Q12,A4
P7,Q12,A19
P8,Q12,A19
P9,Q12,A19
P0,Q13,A4
P1,Q13,A19
P2,Q13,A19
P3,Q13,A19
P4,Q13,A19
P5,Q13,A4
P6,Q13,A0
P7,Q13,A19
P8,Q13,A19
P9,Q13,A19
P0,Q14,A6
P1,Q14,A19
P2,Q14,A19
P3,Q14,A6
P4,Q14,A2
P5,Q14,A19
P6,Q14,A15
P7,Q14,A5
P8,Q14,A4
P9,Q14,A19
P0,Q15,A0
P1,Q15,A19
P2,Q15,A4
P3,Q15,A0
P4,Q15,A4
P5,Q15,A4
P6,Q15,A0
P7,Q15,A4
P8,Q15,A19
P9,Q15,A4
P0,Q16,A23
P1,Q16,A20
P2,Q16,A19
P3,Q16,A4
P4,Q16,A23
P5,Q16,A20
P6,Q16,A2
P7,Q16,A19
P8,Q16,A19
P9,Q16,A19
P0,Q17,A21
P1,Q17,A0
P2,Q17,A19
P3,Q17,A19
P4,Q17,A19
P5,Q17,A15
P6,Q17,A1
P7,Q17,A21
P8,Q17,A15
P9,Q17,A19
P0,Q18,A27
P1,Q18,A13
P2,Q18,A9
P3,Q18,A27
P4,Q18,A9
P5,Q18,A25
P6,Q18,A12
P7,Q18,A10
P8,Q18,A27
P9,Q18,A9
P0,Q19,A24
P1,Q19,A24
P2,Q19,A24
P3,Q19,A27
P4,Q19,A24
P5,Q19,A24
P6,Q19,A24
P7,Q19,A28
P8,Q19,A24
P9,Q19,A24
P0,Q20,A13
P1,Q20,A13
P2,Q20,A13
P3,Q20,A13
P4,Q20,A28
P5,Q20,A13
P6,Q20,A13
P7,Q20,A11
P8,Q20,A13
P9,Q20,A13
P0,Q21,A21
P1,Q21,A21
P2,Q21,A6
P3,Q21,A15
P4,Q21,A23
P5,Q21,A2
P6,Q21,A15
P7,Q21,A15
P8,Q21,A21
P9,Q21,A17
P0,Q22,A21
P1,Q22,A6
P2,Q22,A21
P3,Q22,A21
P4,Q22,A21
P5,Q22,A17
P6,Q22,A15
P7,Q22,A21
P8,Q22,A21
P9,Q22,A14
P0,Q23,A6
P1,Q23,A6
P2,Q23,A6
P3,Q23,A6
P4,Q23,A21
P5,Q23,A6
P6,Q23,A6
P7,Q23,A6
P8,Q23,A6
P9,Q23,A6
P0,Q24,A23
P1,Q24,A6
P2,Q24,A21
P3,Q24,A23
P4,Q24,A8
P5,Q24,A17
P6,Q24,A2
P7,Q24,A21
P8,Q24,A21
P9,Q24,A21
P0,Q25,A21
P1,Q25,A6
P2,Q25,A9
P3,Q25,A13
P4,Q25,A13
P5,Q25,A28
P6,Q25,A21
P7,Q25,A19
P8,Q25,A24
P9,Q25,A13
P0,Q26,A6
P1,Q26,A21
P2,Q26,A6
P3,Q26,A6
P4,Q26,A21
P5,Q26,A6
P6,Q26,A6
P7,Q26,A6
P8,Q26,A6
P9,Q26,A21
P0,Q27,A6
P1,Q27,A23
P2,Q27,A21
P3,Q27,A21
P4,Q27,A8
P5,Q27,A8
P6,Q27,A21
P7,Q27,A6
P8,Q27,A6
P9,Q27,A6
P0,Q28,A21
P1,Q28,A21
P2,Q28,A21
P3,Q28,A0
P4,Q28,A5
P5,Q28,A21
P6,Q28,A0
P7,Q28,A4
P8,Q28,A21
P9,Q28,A21
P0,Q29,A6
P1,Q29,A28
P2,Q29,A27
P3,Q29,A6
P4,Q29,A27
P5,Q29,A27
P6,Q29,A6
P7,Q29,A6
P8,Q29,A6
P9,Q29,A12
P0,Q30,A9
P1,Q30,A9
P2,Q30,A9
P3,Q30,A9
P4,Q30,A9
P5,Q30,A9
P6,Q30,A27
P7,Q30,A9
P8,Q30,A9
P9,Q30,A9
P0,Q31,A21
P1,Q31,A6
P2,Q31,A21
P3,Q31,A21
P4,Q31,A21
P5,Q31,A6
P6,Q31,A21
P7,Q31,A21
P8,Q31,A21
P9,Q31,A13
P0,Q32,A6
P1,Q32,A21
P2,Q32,A6
P3,Q32,A6
P4,Q32,A10
P5,Q32,A6
P6,Q32,A6
P7,Q32,A6
P8,Q32,A6
P9,Q32,A6
P0,Q33,A6
P1,Q33,A6
P2,Q33,A8
P3,Q33,A8
P4,Q33,A8
P5,Q33,A8
P6,Q33,A18
P7,Q33,A8
P8,Q33,A8
P9,Q33,A8
P0,Q34,A6
P1,Q34,A6
P2,Q34,A16
P3,Q34,A6
P4,Q34,A6
P5,Q34,A16
P6,Q34,A6
P7,Q34,A16
P8,Q34,A16
P9,Q34,A16
P0,Q35,A21
P1,Q35,A19
P2,Q35,A19
P3,Q35,A19
P4,Q35,A2
P5,Q35,A0
P6,Q35,A1
P7,Q35,A15
P8,Q35,A19
P9,Q35,A19
P0,Q36,A6
P1,Q36,A6
P2,Q36,A6
P3,Q36,A21
P4,Q36,A6
P5,Q36,A6
P6,Q36,A2
P7,Q36,A21
P8,Q36,A6
P9,Q36,A11
P0,Q37,A23
P1,Q37,A8
P2,Q37,A8
P3,Q37,A23
P4,Q37,A8
P5,Q37,A8
P6,Q37,A1
P7,Q37,A1
P8,Q37,A8
P9,Q37,A8
P0,Q38,A21
P1,Q38,A6
P2,Q38,A21
P3,Q38,A21
P4,Q38,A21
P5,Q38,A6
P6,Q38,A21
P7,Q38,A21
P8,Q38,A21
P9,Q38,A21
P0,Q39,A23
P1,Q39,A23
P2,Q39,A23
P3,Q39,A23
P4,Q39,A8
P5,Q39,A23
P6,Q39,A8
P7,Q39,A23
P8,Q39,A23
P9,Q39,A23
P0,Q40,A16
P1,Q40,A8
P2,Q40,A1
P3,Q40,A16
P4,Q40,A1
P5,Q40,A1
P6,Q40,A1
P7,Q40,A1
P8,Q40,A1
P9,Q40,A1
P0,Q41,A8
P1,Q41,A23
P2,Q41,A23
P3,Q41,A8
P4,Q41,A8
P5,Q41,A8
P6,Q41,A1
P7,Q41,A8
P8,Q41,A8
P9,Q41,A8
P0,Q42,A8
P1,Q42,A8
P2,Q42,A8
P3,Q42,A8
P4,Q42,A8
P5,Q42,A8
P6,Q42,A4
P7,Q42,A8
P8,Q42,A8
P9,Q42,A8
P0,Q43,A23
P1,Q43,A23
P2,Q43,A23
P3,Q43,A23
P4,Q43,A8
P5,Q43,A23
P6,Q43,A23
P7,Q43,A23
P8,Q43,A23
P9,Q43,A8
P0,Q44,A23
P1,Q44,A23
P2,Q44,A8
P3,Q44,A8
P4,Q44,A23
P5,Q44,A8
P6,Q44,A8
P7,Q44,A20
P8,Q44,A8
P9,Q44,A20
P0,Q45,A8
P1,Q45,A23
P2,Q45,A23
P3,Q45,A23
P4,Q45,A23
P5,Q45,A8
P6,Q45,A4
P7,Q45,A8
P8,Q45,A23
P9,Q45,A23
P0,Q46,A8
P1,Q46,A8
P2,Q46,A8
P3,Q46,A8
P4,Q46,A8
P5,Q46,A8
P6,Q46,A8
P7,Q46,A8
P8,Q46,A8
P9,Q46,A2
P0,Q47,A15
P1,Q47,A15
P2,Q47,A19
P3,Q47,A21
P4,Q47,A19
P5,Q47,A19
P6,Q47,A17
P7,Q47,A15
P8,Q47,A19
P9,Q47,A19
P0,Q48,A0
P1,Q48,A0
P2,Q48,A0
P3,Q48,A15
P4,Q48,A22
P5,Q48,A0
P6,Q48,A0
P7,Q48,A0
P8,Q48,A0
P9,Q48,A0
P0,Q49,A8
P1,Q49,A23
P2,Q49,A23
P3,Q49,A8
P4,Q49,A23
P5,Q49,A20
P6,Q49,A0
P7,Q49,A4
P8,Q49,A15
P9,Q49,A8
P0,Q50,A23
P1,Q50,A0
P2,Q50,A0
P3,Q50,A0
P4,Q50,A0
P5,Q50,A0
P6,Q50,A0
P7,Q50,A0
P8,Q50,A0
P9,Q50,A0
P0,Q51,A13
P1,Q51,A13
P2,Q51,A21
P3,Q51,A13
P4,Q51,A13
P5,Q51,A13
P6,Q51,A13
P7,Q51,A21
P8,Q51,A21
P9,Q51,A27
P0,Q52,A28
P1,Q52,A13
P2,Q52,A13
P3,Q52,A13
P4,Q52,A9
P5,Q52,A13
P6,Q52,A24
P7,Q52,A9
P8,Q52,A13
P9,Q52,A9
P0,Q53,A12
P1,Q53,A9
P2,Q53,A12
P3,Q53,A12
P4,Q53,A9
P5,Q53,A12
P6,Q53,A12
P7,Q53,A9
P8,Q53,A12
P9,Q53,A13
P0,Q54,A23
P1,Q54,A23
P2,Q54,A23
P3,Q54,A23
P4,Q54,A22
P5,Q54,A22
P6,Q54,A3
P7,Q54,A23
P8,Q54,A22
P9,Q54,A22
P0,Q55,A23
P1,Q55,A8
P2,Q55,A6
P3,Q55,A23
P4,Q55,A23
P5,Q55,A23
P6,Q55,A6
P7,Q55,A23
P8,Q55,A22
P9,Q55,A22
P0,Q56,A23
P1,Q56,A23
P2,Q56,A7
P3,Q56,A23
P4,Q56,A22
P5,Q56,A7
P6,Q56,A7
P7,Q56,A23
P8,Q56,A7
P9,Q56,A7
P0,Q57,A21
P1,Q57,A5
P2,Q57,A21
P3,Q57,A21
P4,Q57,A5
P5,Q57,A5
P6,Q57,A2
P7,Q57,A21
P8,Q57,A21
P9,Q57,A21
P0,Q58,A23
P1,Q58,A0
P2,Q58,A7
P3,Q58,A23
P4,Q58,A0
P5,Q58,A15
P6,Q58,A23
P7,Q58,A7
P8,Q58,A7
P9,Q58,A0
P0,Q59,A23
P1,Q59,A23
P2,Q59,A8
P3,Q59,A23
P4,Q59,A23
P5,Q59,A23
P6,Q59,A18
P7,Q59,A8
P8,Q59,A23
P9,Q59,A23
P0,Q60,A5
P1,Q60,A0
P2,Q60,A20
P3,Q60,A20
P4,Q60,A19
P5,Q60,A5
P6,Q60,A5
P7,Q60,A5
P8,Q60,A5
P9,Q60,A5
P0,Q61,A21
P1,Q61,A20
P2,Q61,A21
P3,Q61,A21
P4,Q61,A20
P5,Q61,A21
P6,Q61,A5
P7,Q61,A16
P8,Q61,A21
P9,Q61,A20
P0,Q62,A21
P1,Q62,A21
P2,Q62,A21
P3,Q62,A21
P4,Q62,A21
P5,Q62,A16
P6,Q62,A21
P7,Q62,A16
P8,Q62,A21
P9,Q62,A16
P0,Q63,A6
P1,Q63,A21
P2,Q63,A16
P3,Q63,A5
P4,Q63,A5
P5,Q63,A5
P6,Q63,A1
P7,Q63,A16
P8,Q63,A5
P9,Q63,A5
P0,Q64,A6
P1,Q64,A8
P2,Q64,A6
P3,Q64,A6
P4,Q64,A23
P5,Q64,A6
P6,Q64,A6
P7,Q64,A6
P8,Q64,A6
P9,Q64,A16
P0,Q65,A13
P1,Q65,A13
P2,Q65,A13
P3,Q65,A13
P4,Q65,A13
P5,Q65,A9
P6,Q65,A13
P7,Q65,A13
P8,Q65,A13
P9,Q65,A11
P0,Q66,A28
P1,Q66,A12
P2,Q66,A28
P3,Q66,A28
P4,Q66,A28
P5,Q66,A28
P6,Q66,A28
P7,Q66,A28
P8,Q66,A25
P9,Q66,A25
P0,Q67,A9
P1,Q67,A13
P2,Q67,A9
P3,Q67,A9
P4,Q67,A13
P5,Q67,A10
P6,Q67,A13
P7,Q67,A12
P8,Q67,A9
P9,Q67,A9
P0,Q68,A25
P1,Q68,A13
P2,Q68,A25
P3,Q68,A25
P4,Q68,A25
P5,Q68,A25
P6,Q68,A25
P7,Q68,A25
P8,Q68,A25
P9,Q68,A25
P0,Q69,A13
P1,Q69,A6
P2,Q69,A6
P3,Q69,A25
P4,Q69,A16
P5,Q69,A25
P6,Q69,A3
P7,Q69,A13
P8,Q69,A16
P9,Q69,A29
P0,Q70,A21
P1,Q70,A24
P2,Q70,A9
P3,Q70,A21
P4,Q70,A13
P5,Q70,A12
P6,Q70,A10
P7,Q70,A21
P8,Q70,A25
P9,Q70,A9
P0,Q71,A21
P1,Q71,A15
P2,Q71,A15
P3,Q71,A15
P4,Q71,A17
P5,Q71,A17
P6,Q71,A0
P7,Q71,A21
P8,Q71,A21
P9,Q71,A17
P0,Q72,A15
P1,Q72,A0
P2,Q72,A15
P3,Q72,A15
P4,Q72,A0
P5,Q72,A15
P6,Q72,A2
P7,Q72,A15
P8,Q72,A15
P9,Q72,A0
P0,Q73,A6
P1,Q73,A8
P2,Q73,A1
P3,Q73,A8
P4,Q73,A23
P5,Q73,A8
P6,Q73,A1
P7,Q73,A20
P8,Q73,A23
P9,Q73,A3
P0,Q74,A23
P1,Q74,A8
P2,Q74,A23
P3,Q74,A6
P4,Q74,A23
P5,Q74,A1
P6,Q74,A16
P7,Q74,A20
P8,Q74,A6
P9,Q74,A23
P0,Q75,A6
P1,Q75,A13
P2,Q75,A21
P3,Q75,A21
P4,Q75,A13
P5,Q75,A13
P6,Q75,A6
P7,Q75,A6
P8,Q75,A6
P9,Q75,A14
P0,Q76,A6
P1,Q76,A12
P2,Q76,A12
P3,Q76,A27
P4,Q76,A24
P5,Q76,A24
P6,Q76,A6
P7,Q76,A19
P8,Q76,A20
P9,Q76,A24
P0,Q77,A21
P1,Q77,A15
P2,Q77,A5
P3,Q77,A21
P4,Q77,A5
P5,Q77,A5
P6,Q77,A20
P7,Q77,A1
P8,Q77,A5
P9,Q77,A5
P0,Q78,A9
P1,Q78,A12
P2,Q78,A12
P3,Q78,A12
P4,Q78,A12
P5,Q78,A12
P6,Q78,A12
P7,Q78,A12
P8,Q78,A12
P9,Q78,A9
P0,Q79,A0
P1,Q79,A7
P2,Q79,A0
P3,Q79,A15
P4,Q79,A22
P5,Q79,A22
P6,Q79,A0
P7,Q79,A23
P8,Q79,A22
P9,Q79,A22
P0,Q80,A6
P1,Q80,A21
P2,Q80,A21
P3,Q80,A6
P4,Q80,A21
P5,Q80,A6
P6,Q80,A5
P7,Q80,A21
P8,Q80,A21
P9,Q80,A21
P0,Q81,A23
P1,Q81,A8
P2,Q81,A23
P3,Q81,A23
P4,Q81,A23
P5,Q81,A23
P6,Q81,A8
P7,Q81,A8
P8,Q81,A23
P9,Q81,A23
P0,Q82,A21
P1,Q82,A21
P2,Q82,A2
P3,Q82,A2
P4,Q82,A20
P5,Q82,A2
P6,Q82,A2
P7,Q82,A21
P8,Q82,A21
P9,Q82,A21
P0,Q83,A21
P1,Q83,A15
P2,Q83,A15
P3,Q83,A15
P4,Q83,A15
P5,Q83,A15
P6,Q83,A15
P7,Q83,A15
P8,Q83,A15
P9,Q83,A15
P0,Q84,A15
P1,Q84,A15
P2,Q84,A15
P3,Q84,A15
P4,Q84,A15
P5,Q84,A15
P6,Q84,A15
P7,Q84,A15
P8,Q84,A15
P9,Q84,A15
P0,Q85,A15
P1,Q85,A0
P2,Q85,A0
P3,Q85,A15
P4,Q85,A0
P5,Q85,A0
P6,Q85,A0
P7,Q85,A0
P8,Q85,A0
P9,Q85,A0
P0,Q86,A21
P1,Q86,A15
P2,Q86,A15
P3,Q86,A15
P4,Q86,A0
P5,Q86,A15
P6,Q86,A0
P7,Q86,A15
P8,Q86,A15
P9,Q86,A15
P0,Q87,A23
P1,Q87,A20
P2,Q87,A16
P3,Q87,A16
P4,Q87,A22
P5,Q87,A16
P6,Q87,A1
P7,Q87,A16
P8,Q87,A16
P9,Q87,A2
P0,Q88,A23
P1,Q88,A20
P2,Q88,A16
P3,Q88,A16
P4,Q88,A16
P5,Q88,A16
P6,Q88,A16
P7,Q88,A16
P8,Q88,A16
P9,Q88,A16
P0,Q89,A12
P1,Q89,A13
P2,Q89,A13
P3,Q89,A13
P4,Q89,A13
P5,Q89,A27
P6,Q89,A12
P7,Q89,A13
P8,Q89,A13
P9,Q89,A27
P0,Q90,A13
P1,Q90,A12
P2,Q90,A13
P3,Q90,A13
P4,Q90,A28
P5,Q90,A13
P6,Q90,A27
P7,Q90,A12
P8,Q90,A12
P9,Q90,A14
P0,Q91,A28
P1,Q91,A12
P2,Q91,A13
P3,Q91,A13
P4,Q91,A13
P5,Q91,A13
P6,Q91,A12
P7,Q91,A13
P8,Q91,A13
P9,Q91,A12
P0,Q92,A24
P1,Q92,A27
P2,Q92,A24
P3,Q92,A24
P4,Q92,A24
P5,Q92,A25
P6,Q92,A24
P7,Q92,A24
P8,Q92,A24
P9,Q92,A25
P0,Q93,A9
P1,Q93,A12
P2,Q93,A13
P3,Q93,A9
P4,Q93,A13
P5,Q93,A13
P6,Q93,A12
P7,Q93,A13
P8,Q93,A9
P9,Q93,A13
P0,Q94,A28
P1,Q94,A12
P2,Q94,A24
P3,Q94,A12
P4,Q94,A28
P5,Q94,A28
P6,Q94,A13
P7,Q94,A12
P8,Q94,A24
P9,Q94,A27
P0,Q95,A12
P1,Q95,A12
P2,Q95,A12
P3,Q95,A12
P4,Q95,A27
P5,Q95,A24
P6,Q95,A12
P7,Q95,A12
P8,Q95,A12
P9,Q95,A24
P0,Q96,A12
P1,Q96,A9
P2,Q96,A5
P3,Q96,A5
P4,Q96,A5
P5,Q96,A5
P6,Q96,A5
P7,Q96,A12
P8,Q96,A9
P9,Q96,A29
P0,Q97,A21
P1,Q97,A21
P2,Q97,A21
P3,Q97,A21
P4,Q97,A2
P5,Q97,A21
P6,Q97,A2
P7,Q97,A21
P8,Q97,A21
P9,Q97,A21
P0,Q98,A12
P1,Q98,A12
P2,Q98,A12
P3,Q98,A12
P4,Q98,A28
P5,Q98,A12
P6,Q98,A12
P7,Q98,A12
P8,Q98,A12
P9,Q98,A12
P0,Q99,A23
P1,Q99,A8
P2,Q99,A23
P3,Q99,A8
P4,Q99,A23
P5,Q99,A6
P6,Q99,A8
P7,Q99,A23
P8,Q99,A23
P9,Q99,A23
P0,Q100,A9
P1,Q100,A13
P2,Q100,A9
P3,Q100,A9
P4,Q100,A9
P5,Q100,A9
P6,Q100,A13
P7,Q100,A9
P8,Q100,A9
P9,Q100,A9
P0,Q101,A28
P1,Q101,A12
P2,Q101,A24
P3,Q101,A28
P4,Q101,A27
P5,Q101,A28
P6,Q101,A24
P7,Q101,A24
P8,Q101,A24
P9,Q101,A27
P0,Q102,A12
P1,Q102,A12
P2,Q102,A12
P3,Q102,A12
P4,Q102,A12
P5,Q102,A12
P6,Q102,A12
P7,Q102,A12
P8,Q102,A12
P9,Q102,A12
P0,Q103,A23
P1,Q103,A23
P2,Q103,A23
P3,Q103,A23
P4,Q103,A23
P5,Q103,A23
P6,Q103,A23
P7,Q103,A23
P8,Q103,A23
P9,Q103,A23
P0,Q104,A21
P1,Q104,A6
P2,Q104,A21
P3,Q104,A21
P4,Q104,A8
P5,Q104,A21
P6,Q104,A2
P7,Q104,A21
P8,Q104,A21
P9,Q104,A21
P0,Q105,A23
P1,Q105,A8
P2,Q105,A23
P3,Q105,A23
P4,Q105,A23
P5,Q105,A23
P6,Q105,A23
P7,Q105,A23
P8,Q105,A23
P9,Q105,A23
P0,Q106,A23
P1,Q106,A23
P2,Q106,A23
P3,Q106,A8
P4,Q106,A8
P5,Q106,A8
P6,Q106,A8
P7,Q106,A23
P8,Q106,A23
P9,Q106,A8
P0,Q107,A21
P1,Q107,A21
P2,Q107,A21
P3,Q107,A21
P4,Q107,A20
P5,Q107,A21
P6,Q107,A20
P7,Q107,A20
P8,Q107,A21
P9,Q107,A20
P0,Q108,A8
P1,Q108,A8
P2,Q108,A8
P3,Q108,A8
P4,Q108,A23
P5,Q108,A8
P6,Q108,A0
P7,Q108,A8
P8,Q108,A8
P9,Q108,A8
P0,Q109,A23
P1,Q109,A23
P2,Q109,A23
P3,Q109,A23
P4,Q109,A23
P5,Q109,A23
P6,Q109,A23
P7,Q109,A23
P8,Q109,A23
P9,Q109,A18
P0,Q110,A8
P1,Q110,A23
P2,Q110,A8
P3,Q110,A8
P4,Q110,A8
P5,Q110,A8
P6,Q110,A8
P7,Q110,A8
P8,Q110,A8
P9,Q110,A8
P0,Q111,A20
P1,Q111,A19
P2,Q111,A16
P3,Q111,A21
P4,Q111,A5
P5,Q111,A20
P6,Q111,A17
P7,Q111,A16
P8,Q111,A20
P9,Q111,A17
P0,Q112,A4
P1,Q112,A19
P2,Q112,A4
P3,Q112,A4
P4,Q112,A19
P5,Q112,A4
P6,Q112,A4
P7,Q112,A4
P8,Q112,A4
P9,Q112,A19
P0,Q113,A8
P1,Q113,A21
P2,Q113,A8
P3,Q113,A8
P4,Q113,A8
P5,Q113,A5
P6,Q113,A0
P7,Q113,A4
P8,Q113,A8
P9,Q113,A8
P0,Q114,A4
P1,Q114,A19
P2,Q114,A19
P3,Q114,A19
P4,Q114,A4
P5,Q114,A19
P6,Q114,A4
P7,Q114,A19
P8,Q114,A19
P9,Q114,A19
P0,Q115,A8
P1,Q115,A8
P2,Q115,A4
P3,Q115,A19
P4,Q115,A4
P5,Q115,A19
P6,Q115,A4
P7,Q115,A4
P8,Q115,A4
P9,Q115,A4
P0,Q116,A21
P1,Q116,A0
P2,Q116,A1
P3,Q116,A21
P4,Q116,A19
P5,Q116,A4
P6,Q116,A2
P7,Q116,A0
P8,Q116,A15
P9,Q116,A4
P0,Q117,A23
P1,Q117,A8
P2,Q117,A16
P3,Q117,A16
P4,Q117,A8
P5,Q117,A16
P6,Q117,A1
P7,Q117,A16
P8,Q117,A16
P9,Q117,A16
P0,Q118,A6
P1,Q118,A13
P2,Q118,A13
P3,Q118,A6
P4,Q118,A13
P5,Q118,A13
P6,Q118,A26
P7,Q118,A28
P8,Q118,A13
P9,Q118,A13
P0,Q119,A28
P1,Q119,A25
P2,Q119,A13
P3,Q119,A13
P4,Q119,A12
P5,Q119,A13
P6,Q119,A13
P7,Q119,A12
P8,Q119,A13
P9,Q119,A28
P0,Q120,A12
P1,Q120,A27
P2,Q120,A12
P3,Q120,A12
P4,Q120,A28
P5,Q120,A12
P6,Q120,A12
P7,Q120,A12
P8,Q120,A12
P9,Q120,A12
P0,Q121,A21
P1,Q121,A2
P2,Q121,A2
P3,Q121,A2
P4,Q121,A2
P5,Q121,A2
P6,Q121,A2
P7,Q121,A2
P8,Q121,A2
P9,Q121,A2
P0,Q122,A21
P1,Q122,A19
P2,Q122,A2
P3,Q122,A21
P4,Q122,A2
P5,Q122,A2
P6,Q122,A15
P7,Q122,A2
P8,Q122,A2
P9,Q122,A2
P0,Q123,A6
P1,Q123,A6
P2,Q123,A6
P3,Q123,A6
P4,Q123,A21
P5,Q123,A15
P6,Q123,A6
P7,Q123,A6
P8,Q123,A6
P9,Q123,A15
P0,Q124,A21
P1,Q124,A21
P2,Q124,A21
P3,Q124,A21
P4,Q124,A21
P5,Q124,A21
P6,Q124,A1
P7,Q124,A21
P8,Q124,A21
P9,Q124,A21
P0,Q125,A6
P1,Q125,A6
P2,Q125,A6
P3,Q125,A6
P4,Q125,A6
P5,Q125,A21
P6,Q125,A6
P7,Q125,A6
P8,Q125,A6
P9,Q125,A21
P0,Q126,A0
P1,Q126,A21
P2,Q126,A20
P3,Q126,A5
P4,Q126,A23
P5,Q126,A5
P6,Q126,A2
P7,Q126,A5
P8,Q126,A5
P9,Q126,A20
P0,Q127,A21
P1,Q127,A21
P2,Q127,A21
P3,Q127,A21
P4,Q127,A6
P5,Q127,A21
P6,Q127,A8
P7,Q127,A21
P8,Q127,A21
P9,Q127,A2
P0,Q128,A21
P1,Q128,A21
P2,Q128,A21
P3,Q128,A6
P4,Q128,A21
P5,Q128,A6
P6,Q128,A5
P7,Q128,A21
P8,Q128,A6
P9,Q128,A6
P0,Q129,A21
P1,Q129,A21
P2,Q129,A21
P3,Q129,A21
P4,Q129,A21
P5,Q129,A21
P6,Q129,A21
P7,Q129,A21
P8,Q129,A21
P9,Q129,A21
P0,Q130,A6
P1,Q130,A5
P2,Q130,A5
P3,Q130,A5
P4,Q130,A5
P5,Q130,A5
P6,Q130,A27
P7,Q130,A5
P8,Q130,A5
P9,Q130,A5
P0,Q131,A21
P1,Q131,A8
P2,Q131,A8
P3,Q131,A21
P4,Q131,A8
P5,Q131,A21
P6,Q131,A8
P7,Q131,A20
P8,Q131,A21
P9,Q131,A3
P0,Q132,A6
P1,Q132,A21
P2,Q132,A6
P3,Q132,A6
P4,Q132,A8
P5,Q132,A21
P6,Q132,A6
P7,Q132,A6
P8,Q132,A6
P9,Q132,A21
P0,Q133,A6
P1,Q133,A21
P2,Q133,A21
P3,Q133,A6
P4,Q133,A24
P5,Q133,A6
P6,Q133,A6
P7,Q133,A6
P8,Q133,A6
P9,Q133,A21
P0,Q134,A6
P1,Q134,A8
P2,Q134,A6
P3,Q134,A6
P4,Q134,A6
P5,Q134,A6
P6,Q134,A3
P7,Q134,A6
P8,Q134,A6
P9,Q134,A6
P0,Q135,A9
P1,Q135,A27
P2,Q135,A9
P3,Q135,A9
P4,Q135,A13
P5,Q135,A9
P6,Q135,A9
P7,Q135,A21
P8,Q135,A9
P9,Q135,A9
P0,Q136,A19
P1,Q136,A19
P2,Q136,A19
P3,Q136,A2
P4,Q136,A19
P5,Q136,A19
P6,Q136,A17
P7,Q136,A19
P8,Q136,A19
P9,Q136,A19
P0,Q137,A6
P1,Q137,A21
P2,Q137,A15
P3,Q137,A15
P4,Q137,A25
P5,Q137,A15
P6,Q137,A15
P7,Q137,A21
P8,Q137,A15
P9,Q137,A6
P0,Q138,A6
P1,Q138,A21
P2,Q138,A6
P3,Q138,A6
P4,Q138,A6
P5,Q138,A6
P6,Q138,A6
P7,Q138,A6
P8,Q138,A6
P9,Q138,A6
P0,Q139,A6
P1,Q139,A6
P2,Q139,A6
P3,Q139,A21
P4,Q139,A23
P5,Q139,A6
P6,Q139,A8
P7,Q139,A21
P8,Q139,A6
P9,Q139,A21
P0,Q140,A8
P1,Q140,A23
P2,Q140,A8
P3,Q140,A8
P4,Q140,A8
P5,Q140,A8
P6,Q140,A1
P7,Q140,A8
P8,Q140,A8
P9,Q140,A8
P0,Q141,A23
P1,Q141,A23
P2,Q141,A8
P3,Q141,A8
P4,Q141,A23
P5,Q141,A8
P6,Q141,A8
P7,Q141,A3
P8,Q141,A23
P9,Q141,A23
P0,Q142,A8
P1,Q142,A23
P2,Q142,A8
P3,Q142,A8
P4,Q142,A22
P5,Q142,A8
P6,Q142,A8
P7,Q142,A23
P8,Q142,A23
P9,Q142,A8
P0,Q143,A8
P1,Q143,A23
P2,Q143,A8
P3,Q143,A8
P4,Q143,A8
P5,Q143,A8
P6,Q143,A8
P7,Q143,A8
P8,Q143,A8
P9,Q143,A8
P0,Q144,A23
P1,Q144,A8
P2,Q144,A6
P3,Q144,A23
P4,Q144,A23
P5,Q144,A23
P6,Q144,A7
P7,Q144,A8
P8,Q144,A8
P9,Q144,A8
P0,Q145,A6
P1,Q145,A6
P2,Q145,A21
P3,Q145,A6
P4,Q145,A6
P5,Q145,A6
P6,Q145,A6
P7,Q145,A6
P8,Q145,A6
P9,Q145,A6
P0,Q146,A6
P1,Q146,A6
P2,Q146,A21
P3,Q146,A6
P4,Q146,A8
P5,Q146,A8
P6,Q146,A1
P7,Q146,A6
P8,Q146,A6
P9,Q146,A6
P0,Q147,A6
P1,Q147,A15
P2,Q147,A15
P3,Q147,A15
P4,Q147,A15
P5,Q147,A15
P6,Q147,A0
P7,Q147,A15
P8,Q147,A15
P9,Q147,A15
P0,Q148,A8
P1,Q148,A23
P2,Q148,A1
P3,Q148,A1
P4,Q148,A1
P5,Q148,A5
P6,Q148,A1
P7,Q148,A6
P8,Q148,A1
P9,Q148,A1
P0,Q149,A15
P1,Q149,A0
P2,Q149,A15
P3,Q149,A15
P4,Q149,A0
P5,Q149,A15
P6,Q149,A0
P7,Q149,A0
P8,Q149,A0
P9,Q149,A0
P0,Q150,A23
P1,Q150,A8
P2,Q150,A23
P3,Q150,A23
P4,Q150,A6
P5,Q150,A23
P6,Q150,A1
P7,Q150,A21
P8,Q150,A21
P9,Q150,A6
P0,Q151,A13
P1,Q151,A13
P2,Q151,A13
P3,Q151,A13
P4,Q151,A11
P5,Q151,A13
P6,Q151,A26
P7,Q151,A10
P8,Q151,A6
P9,Q151,A13
P0,Q152,A27
P1,Q152,A28
P2,Q152,A10
P3,Q152,A9
P4,Q152,A9
P5,Q152,A12
P6,Q152,A27
P7,Q152,A12
P8,Q152,A12
P9,Q152,A10
P0,Q153,A9
P1,Q153,A9
P2,Q153,A12
P3,Q153,A12
P4,Q153,A13
P5,Q153,A12
P6,Q153,A6
P7,Q153,A13
P8,Q153,A9
P9,Q153,A9
P0,Q154,A23
P1,Q154,A22
P2,Q154,A7
P3,Q154,A7
P4,Q154,A22
P5,Q154,A7
P6,Q154,A22
P7,Q154,A22
P8,Q154,A7
P9,Q154,A7
P0,Q155,A4
P1,Q155,A0
P2,Q155,A4
P3,Q155,A4
P4,Q155,A8
P5,Q155,A8
P6,Q155,A4
P7,Q155,A4
P8,Q155,A4
P9,Q155,A8
P0,Q156,A23
P1,Q156,A22
P2,Q156,A7
P3,Q156,A23
P4,Q156,A22
P5,Q156,A7
P6,Q156,A0
P7,Q156,A22
P8,Q156,A7
P9,Q156,A22
P0,Q157,A23
P1,Q157,A22
P2,Q157,A22
P3,Q157,A23
P4,Q157,A22
P5,Q157,A22
P6,Q157,A0
P7,Q157,A23
P8,Q157,A22
P9,Q157,A22
P0,Q158,A23
P1,Q158,A0
P2,Q158,A4
P3,Q158,A23
P4,Q158,A4
P5,Q158,A4
P6,Q158,A2
P7,Q158,A23
P8,Q158,A23
P9,Q158,A20
P0,Q159,A23
P1,Q159,A23
P2,Q159,A22
P3,Q159,A22
P4,Q159,A22
P5,Q159,A22
P6,Q159,A22
P7,Q159,A22
P8,Q159,A22
P9,Q159,A22
P0,Q160,A6
P1,Q160,A6
P2,Q160,A6
P3,Q160,A16
P4,Q160,A3
P5,Q160,A6
P6,Q160,A8
P7,Q160,A21
P8,Q160,A21
P9,Q160,A3
P0,Q161,A23
P1,Q161,A23
P2,Q161,A23
P3,Q161,A23
P4,Q161,A23
P5,Q161,A23
P6,Q161,A23
P7,Q161,A23
P8,Q161,A23
P9,Q161,A23
P0,Q162,A21
P1,Q162,A21
P2,Q162,A21
P3,Q162,A21
P4,Q162,A21
P5,Q162,A21
P6,Q162,A21
P7,Q162,A21
P8,Q162,A21
P9,Q162,A21
P0,Q163,A6
P1,Q163,A21
P2,Q163,A21
P3,Q163,A6
P4,Q163,A21
P5,Q163,A6
P6,Q163,A6
P7,Q163,A6
P8,Q163,A21
P9,Q163,A21
P0,Q164,A6
P1,Q164,A21
P2,Q164,A21
P3,Q164,A6
P4,Q164,A21
P5,Q164,A21
P6,Q164,A3
P7,Q164,A21
P8,Q164,A21
P9,Q164,A21
P0,Q165,A6
P1,Q165,A6
P2,Q165,A6
P3,Q165,A6
P4,Q165,A6
P5,Q165,A13
P6,Q165,A26
P7,Q165,A6
P8,Q165,A6
P9,Q165,A6
P0,Q166,A12
P1,Q166,A12
P2,Q166,A9
P3,Q166,A12
P4,Q166,A12
P5,Q166,A10
P6,Q166,A9
P7,Q166,A12
P8,Q166,A9
P9,Q166,A12
P0,Q167,A9
P1,Q167,A13
P2,Q167,A13
P3,Q167,A13
P4,Q167,A13
P5,Q167,A13
P6,Q167,A9
P7,Q167,A13
P8,Q167,A13
P9,Q167,A14
P0,Q168,A9
P1,Q168,A13
P2,Q168,A10
P3,Q168,A12
P4,Q168,A9
P5,Q168,A12
P6,Q168,A27
P7,Q168,A10
P8,Q168,A10
P9,Q168,A10
P0,Q169,A6
P1,Q169,A8
P2,Q169,A6
P3,Q169,A23
P4,Q169,A8
P5,Q169,A6
P6,Q169,A6
P7,Q169,A6
P8,Q169,A6
P9,Q169,A8
P0,Q170,A8
P1,Q170,A21
P2,Q170,A17
P3,Q170,A20
P4,Q170,A17
P5,Q170,A2
P6,Q170,A2
P7,Q170,A2
P8,Q170,A20
P9,Q170,A17
P0,Q171,A21
P1,Q171,A15
P2,Q171,A17
P3,Q171,A2
P4,Q171,A17
P5,Q171,A2
P6,Q171,A1
P7,Q171,A2
P8,Q171,A2
P9,Q171,A17
P0,Q172,A5
P1,Q172,A15
P2,Q172,A5
P3,Q172,A2
P4,Q172,A5
P5,Q172,A5
P6,Q172,A20
P7,Q172,A20
P8,Q172,A20
P9,Q172,A5
P0,Q173,A6
P1,Q173,A23
P2,Q173,A6
P3,Q173,A6
P4,Q173,A5
P5,Q173,A6
P6,Q173,A6
P7,Q173,A6
P8,Q173,A6
P9,Q173,A7
P0,Q174,A6
P1,Q174,A4
P2,Q174,A1
P3,Q174,A1
P4,Q174,A1
P5,Q174,A1
P6,Q174,A2
P7,Q174,A16
P8,Q174,A1
P9,Q174,A6
P0,Q175,A28
P1,Q175,A12
P2,Q175,A13
P3,Q175,A28
P4,Q175,A28
P5,Q175,A13
P6,Q175,A9
P7,Q175,A28
P8,Q175,A28
P9,Q175,A28
P0,Q176,A28
P1,Q176,A28
P2,Q176,A25
P3,Q176,A25
P4,Q176,A28
P5,Q176,A25
P6,Q176,A25
P7,Q176,A25
P8,Q176,A27
P9,Q176,A10
P0,Q177,A6
P1,Q177,A21
P2,Q177,A5
P3,Q177,A5
P4,Q177,A8
P5,Q177,A5
P6,Q177,A5
P7,Q177,A5
P8,Q177,A8
P9,Q177,A5
P0,Q178,A6
P1,Q178,A15
P2,Q178,A0
P3,Q178,A0
P4,Q178,A0
P5,Q178,A0
P6,Q178,A0
P7,Q178,A21
P8,Q178,A0
P9,Q178,A0
P0,Q179,A6
P1,Q179,A21
P2,Q179,A21
P3,Q179,A21
P4,Q179,A15
P5,Q179,A21
P6,Q179,A21
P7,Q179,A21
P8,Q179,A21
P9,Q179,A1
P0,Q180,A21
P1,Q180,A21
P2,Q180,A5
P3,Q180,A21
P4,Q180,A21
P5,Q180,A0
P6,Q180,A5
P7,Q180,A21
P8,Q180,A5
P9,Q180,A5
P0,Q181,A0
P1,Q181,A15
P2,Q181,A0
P3,Q181,A0
P4,Q181,A0
P5,Q181,A0
P6,Q181,A0
P7,Q181,A0
P8,Q181,A0
P9,Q181,A0
P0,Q182,A6
P1,Q182,A21
P2,Q182,A15
P3,Q182,A15
P4,Q182,A21
P5,Q182,A6
P6,Q182,A6
P7,Q182,A6
P8,Q182,A6
P9,Q182,A15
P0,Q183,A21
P1,Q183,A6
P2,Q183,A20
P3,Q183,A20
P4,Q183,A20
P5,Q183,A20
P6,Q183,A17
P7,Q183,A17
P8,Q183,A20
P9,Q183,A17
P0,Q184,A21
P1,Q184,A21
P2,Q184,A17
P3,Q184,A21
P4,Q184,A17
P5,Q184,A17
P6,Q184,A17
P7,Q184,A17
P8,Q184,A17
P9,Q184,A17
P0,Q185,A15
P1,Q185,A0
P2,Q185,A15
P3,Q185,A0
P4,Q185,A15
P5,Q185,A15
P6,Q185,A0
P7,Q185,A15
P8,Q185,A15
P9,Q185,A0
P0,Q186,A23
P1,Q186,A8
P2,Q186,A16
P3,Q186,A1
P4,Q186,A23
P5,Q186,A1
P6,Q186,A16
P7,Q186,A16
P8,Q186,A16
P9,Q186,A16
P0,Q187,A4
P1,Q187,A8
P2,Q187,A16
P3,Q187,A4
P4,Q187,A22
P5,Q187,A16
P6,Q187,A16
P7,Q187,A16
P8,Q187,A16
P9,Q187,A16
P0,Q188,A6
P1,Q188,A20
P2,Q188,A1
P3,Q188,A1
P4,Q188,A16
P5,Q188,A1
P6,Q188,A1
P7,Q188,A1
P8,Q188,A1
P9,Q188,A1
P0,Q189,A28
P1,Q189,A12
P2,Q189,A13
P3,Q189,A28
P4,Q189,A13
P5,Q189,A13
P6,Q189,A24
P7,Q189,A13
P8,Q189,A28
P9,Q189,A24
P0,Q190,A12
P1,Q190,A12
P2,Q190,A24
P3,Q190,A28
P4,Q190,A24
P5,Q190,A24
P6,Q190,A13
P7,Q190,A24
P8,Q190,A24
P9,Q190,A28
P0,Q191,A12
P1,Q191,A12
P2,Q191,A9
P3,Q191,A9
P4,Q191,A9
P5,Q191,A12
P6,Q191,A9
P7,Q191,A9
P8,Q191,A9
P9,Q191,A13
P0,Q192,A25
P1,Q192,A27
P2,Q192,A25
P3,Q192,A25
P4,Q192,A25
P5,Q192,A25
P6,Q192,A25
P7,Q192,A25
P8,Q192,A25
P9,Q192,A25
P0,Q193,A27
P1,Q193,A12
P2,Q193,A27
P3,Q193,A27
P4,Q193,A27
P5,Q193,A12
P6,Q193,A27
P7,Q193,A27
P8,Q193,A27
P9,Q193,A27
P0,Q194,A21
P1,Q194,A28
P2,Q194,A27
P3,Q194,A27
P4,Q194,A24
P5,Q194,A9
P6,Q194,A24
P7,Q194,A27
P8,Q194,A27
P9,Q194,A9
P0,Q195,A6
P1,Q195,A4
P2,Q195,A20
P3,Q195,A6
P4,Q195,A19
P5,Q195,A20
P6,Q195,A6
P7,Q195,A19
P8,Q195,A19
P9,Q195,A16
P0,Q196,A28
P1,Q196,A12
P2,Q196,A28
P3,Q196,A28
P4,Q196,A28
P5,Q196,A28
P6,Q196,A12
P7,Q196,A28
P8,Q196,A28
P9,Q196,A28
P0,Q197,A12
P1,Q197,A9
P2,Q197,A24
P3,Q197,A24
P4,Q197,A24
P5,Q197,A9
P6,Q197,A12
P7,Q197,A12
P8,Q197,A9
P9,Q197,A24
P0,Q198,A12
P1,Q198,A28
P2,Q198,A12
P3,Q198,A12
P4,Q198,A12
P5,Q198,A10
P6,Q198,A9
P7,Q198,A25
P8,Q198,A25
P9,Q198,A10
P0,Q199,A8
P1,Q199,A8
P2,Q199,A18
P3,Q199,A6
P4,Q199,A8
P5,Q199,A8
P6,Q199,A6
P7,Q199,A18
P8,Q199,A8
P9,Q199,A18
P0,Q200,A13
P1,Q200,A9
P2,Q200,A9
P3,Q200,A25
P4,Q200,A13
P5,Q200,A9
P6,Q200,A25
P7,Q200,A28
P8,Q200,A9
P9,Q200,A9
P0,Q201,A24
P1,Q201,A13
P2,Q201,A25
P3,Q201,A24
P4,Q201,A24
P5,Q201,A25
P6,Q201,A12
P7,Q201,A12
P8,Q201,A13
P9,Q201,A24
P0,Q202,A28
P1,Q202,A12
P2,Q202,A24
P3,Q202,A24
P4,Q202,A12
P5,Q202,A24
P6,Q202,A24
P7,Q202,A24
P8,Q202,A27
P9,Q202,A24
P0,Q203,A21
P1,Q203,A6
P2,Q203,A21
P3,Q203,A21
P4,Q203,A4
P5,Q203,A21
P6,Q203,A21
P7,Q203,A4
P8,Q203,A21
P9,Q203,A4
P0,Q204,A23
P1,Q204,A23
P2,Q204,A8
P3,Q204,A23
P4,Q204,A23
P5,Q204,A8
P6,Q204,A23
P7,Q204,A8
P8,Q204,A8
P9,Q204,A23
P0,Q205,A0
P1,Q205,A23
P2,Q205,A5
P3,Q205,A7
P4,Q205,A5
P5,Q205,A5
P6,Q205,A0
P7,Q205,A5
P8,Q205,A5
P9,Q205,A5
P0,Q206,A21
P1,Q206,A21
P2,Q206,A20
P3,Q206,A20
P4,Q206,A20
P5,Q206,A20
P6,Q206,A15
P7,Q206,A20
P8,Q206,A20
P9,Q206,A17
P0,Q207,A23
P1,Q207,A23
P2,Q207,A22
P3,Q207,A22
P4,Q207,A22
P5,Q207,A22
P6,Q207,A22
P7,Q207,A7
P8,Q207,A22
P9,Q207,A7
P0,Q208,A23
P1,Q208,A23
P2,Q208,A23
P3,Q208,A23
P4,Q208,A23
P5,Q208,A23
P6,Q208,A23
P7,Q208,A23
P8,Q208,A23
P9,Q208,A23
P0,Q209,A8
P1,Q209,A8
P2,Q209,A23
P3,Q209,A23
P4,Q209,A8
P5,Q209,A6
P6,Q209,A1
P7,Q209,A23
P8,Q209,A23
P9,Q209,A20
P0,Q210,A8
P1,Q210,A23
P2,Q210,A8
P3,Q210,A8
P4,Q210,A8
P5,Q210,A8
P6,Q210,A7
P7,Q210,A8
P8,Q210,A8
P9,Q210,A8
P0,Q211,A21
P1,Q211,A21
P2,Q211,A21
P3,Q211,A5
P4,Q211,A21
P5,Q211,A21
P6,Q211,A21
P7,Q211,A21
P8,Q211,A21
P9,Q211,A21
P0,Q212,A0
P1,Q212,A0
P2,Q212,A5
P3,Q212,A0
P4,Q212,A5
P5,Q212,A0
P6,Q212,A5
P7,Q212,A0
P8,Q212,A5
P9,Q212,A0
P0,Q213,A0
P1,Q213,A23
P2,Q213,A0
P3,Q213,A0
P4,Q213,A0
P5,Q213,A0
P6,Q213,A0
P7,Q213,A0
P8,Q213,A0
P9,Q213,A0
P0,Q214,A23
P1,Q214,A23
P2,Q214,A23
P3,Q214,A16
P4,Q214,A8
P5,Q214,A8
P6,Q214,A0
P7,Q214,A20
P8,Q214,A20
P9,Q214,A8
P0,Q215,A21
P1,Q215,A19
P2,Q215,A2
P3,Q215,A4
P4,Q215,A19
P5,Q215,A19
P6,Q215,A1
P7,Q215,A4
P8,Q215,A2
P9,Q215,A2
P0,Q216,A21
P1,Q216,A0
P2,Q216,A0
P3,Q216,A21
P4,Q216,A8
P5,Q216,A21
P6,Q216,A0
P7,Q216,A21
P8,Q216,A21
P9,Q216,A8
P0,Q217,A0
P1,Q217,A5
P2,Q217,A5
P3,Q217,A5
P4,Q217,A19
P5,Q217,A5
P6,Q217,A5
P7,Q217,A5
P8,Q217,A5
P9,Q217,A19
P0,Q218,A12
P1,Q218,A9
P2,Q218,A12
P3,Q218,A12
P4,Q218,A12
P5,Q218,A10
P6,Q218,A12
P7,Q218,A10
P8,Q218,A12
P9,Q218,A10
P0,Q219,A25
P1,Q219,A25
P2,Q219,A25
P3,Q219,A25
P4,Q219,A13
P5,Q219,A25
P6,Q219,A25
P7,Q219,A25
P8,Q219,A25
P9,Q219,A26
P0,Q220,A9
P1,Q220,A12
P2,Q220,A12
P3,Q220,A9
P4,Q220,A12
P5,Q220,A12
P6,Q220,A9
P7,Q220,A12
P8,Q220,A9
P9,Q220,A27
P0,Q221,A21
P1,Q221,A21
P2,Q221,A2
P3,Q221,A15
P4,Q221,A6
P5,Q221,A21
P6,Q221,A2
P7,Q221,A21
P8,Q221,A21
P9,Q221,A2
P0,Q222,A21
P1,Q222,A15
P2,Q222,A2
P3,Q222,A2
P4,Q222,A2
P5,Q222,A2
P6,Q222,A21
P7,Q222,A19
P8,Q222,A2
P9,Q222,A2
P0,Q223,A8
P1,Q223,A6
P2,Q223,A8
P3,Q223,A8
P4,Q223,A8
P5,Q223,A8
P6,Q223,A18
P7,Q223,A20
P8,Q223,A20
P9,Q223,A20
P0,Q224,A21
P1,Q224,A6
P2,Q224,A17
P3,Q224,A3
P4,Q224,A3
P5,Q224,A3
P6,Q224,A21
P7,Q224,A3
P8,Q224,A20
P9,Q224,A27
P0,Q225,A15
P1,Q225,A19
P2,Q225,A15
P3,Q225,A15
P4,Q225,A17
P5,Q225,A15
P6,Q225,A8
P7,Q225,A15
P8,Q225,A15
P9,Q225,A17
P0,Q226,A23
P1,Q226,A19
P2,Q226,A20
P3,Q226,A23
P4,Q226,A23
P5,Q226,A23
P6,Q226,A8
P7,Q226,A22
P8,Q226,A23
P9,Q226,A4
P0,Q227,A6
P1,Q227,A23
P2,Q227,A6
P3,Q227,A6
P4,Q227,A23
P5,Q227,A6
P6,Q227,A6
P7,Q227,A6
P8,Q227,A6
P9,Q227,A23
P0,Q228,A0
P1,Q228,A23
P2,Q228,A0
P3,Q228,A0
P4,Q228,A0
P5,Q228,A0
P6,Q228,A0
P7,Q228,A0
P8,Q228,A0
P9,Q228,A0
P0,Q229,A23
P1,Q229,A7
P2,Q229,A7
P3,Q229,A8
P4,Q229,A22
P5,Q229,A23
P6,Q229,A7
P7,Q229,A8
P8,Q229,A23
P9,Q229,A7
P0,Q230,A21
P1,Q230,A24
P2,Q230,A20
P3,Q230,A20
P4,Q230,A28
P5,Q230,A19
P6,Q230,A16
P7,Q230,A15
P8,Q230,A20
P9,Q230,A19
P0,Q231,A23
P1,Q231,A23
P2,Q231,A23
P3,Q231,A23
P4,Q231,A23
P5,Q231,A23
P6,Q231,A23
P7,Q231,A23
P8,Q231,A23
P9,Q231,A23
P0,Q232,A6
P1,Q232,A0
P2,Q232,A8
P3,Q232,A6
P4,Q232,A8
P5,Q232,A8
P6,Q232,A6
P7,Q232,A4
P8,Q232,A6
P9,Q232,A15
P0,Q233,A21
P1,Q233,A21
P2,Q233,A21
P3,Q233,A21
P4,Q233,A21
P5,Q233,A21
P6,Q233,A6
P7,Q233,A21
P8,Q233,A21
P9,Q233,A21
P0,Q234,A8
P1,Q234,A23
P2,Q234,A16
P3,Q234,A8
P4,Q234,A7
P5,Q234,A8
P6,Q234,A1
P7,Q234,A16
P8,Q234,A23
P9,Q234,A16
P0,Q235,A6
P1,Q235,A6
P2,Q235,A6
P3,Q235,A6
P4,Q235,A23
P5,Q235,A6
P6,Q235,A6
P7,Q235,A6
P8,Q235,A21
P9,Q235,A6
P0,Q236,A23
P1,Q236,A5
P2,Q236,A5
P3,Q236,A23
P4,Q236,A23
P5,Q236,A6
P6,Q236,A1
P7,Q236,A23
P8,Q236,A23
P9,Q236,A20
P0,Q237,A23
P1,Q237,A23
P2,Q237,A23
P3,Q237,A23
P4,Q237,A23
P5,Q237,A6
P6,Q237,A23
P7,Q237,A23
P8,Q237,A18
P9,Q237,A23
P0,Q238,A15
P1,Q238,A19
P2,Q238,A15
P3,Q238,A15
P4,Q238,A15
P5,Q238,A15
P6,Q238,A6
P7,Q238,A15
P8,Q238,A15
P9,Q238,A15
P0,Q239,A6
P1,Q239,A8
P2,Q239,A6
P3,Q239,A6
P4,Q239,A6
P5,Q239,A6
P6,Q239,A6
P7,Q239,A23
P8,Q239,A6
P9,Q239,A8
P0,Q240,A21
P1,Q240,A21
P2,Q240,A21
P3,Q240,A21
P4,Q240,A17
P5,Q240,A21
P6,Q240,A15
P7,Q240,A21
P8,Q240,A2
P9,Q240,A15
P0,Q241,A6
P1,Q241,A6
P2,Q241,A6
P3,Q241,A6
P4,Q241,A6
P5,Q241,A6
P6,Q241,A5
P7,Q241,A6
P8,Q241,A6
P9,Q241,A20
P0,Q242,A23
P1,Q242,A23
P2,Q242,A23
P3,Q242,A23
P4,Q242,A23
P5,Q242,A23
P6,Q242,A23
P7,Q242,A23
P8,Q242,A23
P9,Q242,A8
P0,Q243,A8
P1,Q243,A0
P2,Q243,A0
P3,Q243,A8
P4,Q243,A0
P5,Q243,A0
P6,Q243,A0
P7,Q243,A8
P8,Q243,A0
P9,Q243,A7
P0,Q244,A8
P1,Q244,A22
P2,Q244,A7
P3,Q244,A8
P4,Q244,A4
P5,Q244,A4
P6,Q244,A6
P7,Q244,A4
P8,Q244,A8
P9,Q244,A4
P0,Q245,A23
P1,Q245,A23
P2,Q245,A7
P3,Q245,A23
P4,Q245,A8
P5,Q245,A8
P6,Q245,A23
P7,Q245,A23
P8,Q245,A8
P9,Q245,A8
P0,Q246,A5
P1,Q246,A0
P2,Q246,A5
P3,Q246,A5
P4,Q246,A5
P5,Q246,A5
P6,Q246,A19
P7,Q246,A5
P8,Q246,A5
P9,Q246,A5
P0,Q247,A8
P1,Q247,A23
P2,Q247,A23
P3,Q247,A23
P4,Q247,A23
P5,Q247,A23
P6,Q247,A4
P7,Q247,A23
P8,Q247,A23
P9,Q247,A23
P0,Q248,A0
P1,Q248,A0
P2,Q248,A0
P3,Q248,A0
P4,Q248,A0
P5,Q248,A0
P6,Q248,A0
P7,Q248,A0
P8,Q248,A0
P9,Q248,A0
P0,Q249,A8
P1,Q249,A21
P2,Q249,A4
P3,Q249,A0
P4,Q249,A4
P5,Q249,A19
P6,Q249,A0
P7,Q249,A0
P8,Q249,A19
P9,Q249,A21
P0,Q250,A23
P1,Q250,A0
P2,Q250,A0
P3,Q250,A0
P4,Q250,A0
P5,Q250,A0
P6,Q250,A0
P7,Q250,A0
P8,Q250,A0
P9,Q250,A0
P0,Q251,A12
P1,Q251,A27
P2,Q251,A12
P3,Q251,A12
P4,Q251,A9
P5,Q251,A12
P6,Q251,A9
P7,Q251,A9
P8,Q251,A9
P9,Q251,A9
P0,Q252,A9
P1,Q252,A24
P2,Q252,A6
P3,Q252,A6
P4,Q252,A12
P5,Q252,A9
P6,Q252,A27
P7,Q252,A5
P8,Q252,A5
P9,Q252,A19
P0,Q253,A13
P1,Q253,A9
P2,Q253,A13
P3,Q253,A13
P4,Q253,A28
P5,Q253,A13
P6,Q253,A1
P7,Q253,A13
P8,Q253,A13
P9,Q253,A1
P0,Q254,A23
P1,Q254,A7
P2,Q254,A7
P3,Q254,A7
P4,Q254,A22
P5,Q254,A7
P6,Q254,A7
P7,Q254,A7
P8,Q254,A7
P9,Q254,A7
P0,Q255,A23
P1,Q255,A23
P2,Q255,A23
P3,Q255,A23
P4,Q255,A8
P5,Q255,A23
P6,Q255,A23
P7,Q255,A23
P8,Q255,A23
P9,Q255,A23
P0,Q256,A23
P1,Q256,A23
P2,Q256,A23
P3,Q256,A23
P4,Q256,A23
P5,Q256,A23
P6,Q256,A23
P7,Q256,A23
P8,Q256,A23
P9,Q256,A23
P0,Q257,A8
P1,Q257,A7
P2,Q257,A22
P3,Q257,A23
P4,Q257,A22
P5,Q257,A0
P6,Q257,A0
P7,Q257,A2
P8,Q257,A8
P9,Q257,A4
P0,Q258,A23
P1,Q258,A22
P2,Q258,A22
P3,Q258,A22
P4,Q258,A22
P5,Q258,A7
P6,Q258,A7
P7,Q258,A22
P8,Q258,A22
P9,Q258,A22
P0,Q259,A8
P1,Q259,A23
P2,Q259,A6
P3,Q259,A22
P4,Q259,A22
P5,Q259,A7
P6,Q259,A6
P7,Q259,A7
P8,Q259,A7
P9,Q259,A7
P0,Q260,A8
P1,Q260,A8
P2,Q260,A8
P3,Q260,A23
P4,Q260,A8
P5,Q260,A8
P6,Q260,A8
P7,Q260,A23
P8,Q260,A8
P9,Q260,A8
P0,Q261,A8
P1,Q261,A20
P2,Q261,A4
P3,Q261,A4
P4,Q261,A8
P5,Q261,A8
P6,Q261,A4
P7,Q261,A4
P8,Q261,A4
P9,Q261,A20
P0,Q262,A16
P1,Q262,A4
P2,Q262,A1
P3,Q262,A4
P4,Q262,A22
P5,Q262,A20
P6,Q262,A16
P7,Q262,A16
P8,Q262,A16
P9,Q262,A5
P0,Q263,A0
P1,Q263,A21
P2,Q263,A5
P3,Q263,A5
P4,Q263,A5
P5,Q263,A5
P6,Q263,A15
P7,Q263,A5
P8,Q263,A5
P9,Q263,A21
P0,Q264,A23
P1,Q264,A8
P2,Q264,A23
P3,Q264,A23
P4,Q264,A23
P5,Q264,A23
P6,Q264,A21
P7,Q264,A23
P8,Q264,A23
P9,Q264,A23
P0,Q265,A13
P1,Q265,A13
P2,Q265,A13
P3,Q265,A13
P4,Q265,A28
P5,Q265,A28
P6,Q265,A13
P7,Q265,A13
P8,Q265,A13
P9,Q265,A14
P0,Q266,A24
P1,Q266,A24
P2,Q266,A24
P3,Q266,A24
P4,Q266,A24
P5,Q266,A24
P6,Q266,A9
P7,Q266,A24
P8,Q266,A24
P9,Q266,A24
P0,Q267,A12
P1,Q267,A12
P2,Q267,A10
P3,Q267,A12
P4,Q267,A12
P5,Q267,A10
P6,Q267,A12
P7,Q267,A10
P8,Q267,A12
P9,Q267,A10
P0,Q268,A21
P1,Q268,A23
P2,Q268,A20
P3,Q268,A20
P4,Q268,A22
P5,Q268,A8
P6,Q268,A18
P7,Q268,A20
P8,Q268,A20
P9,Q268,A8
P0,Q269,A6
P1,Q269,A8
P2,Q269,A6
P3,Q269,A6
P4,Q269,A6
P5,Q269,A6
P6,Q269,A6
P7,Q269,A6
P8,Q269,A6
P9,Q269,A6
P0,Q270,A21
P1,Q270,A21
P2,Q270,A2
P3,Q270,A2
P4,Q270,A2
P5,Q270,A2
P6,Q270,A2
P7,Q270,A2
P8,Q270,A2
P9,Q270,A2
P0,Q271,A21
P1,Q271,A21
P2,Q271,A15
P3,Q271,A15
P4,Q271,A21
P5,Q271,A15
P6,Q271,A15
P7,Q271,A15
P8,Q271,A15
P9,Q271,A15
P0,Q272,A21
P1,Q272,A15
P2,Q272,A1
P3,Q272,A15
P4,Q272,A21
P5,Q272,A15
P6,Q272,A15
P7,Q272,A15
P8,Q272,A15
P9,Q272,A2
P0,Q273,A23
P1,Q273,A8
P2,Q273,A16
P3,Q273,A16
P4,Q273,A23
P5,Q273,A6
P6,Q273,A6
P7,Q273,A6
P8,Q273,A16
P9,Q273,A16
P0,Q274,A8
P1,Q274,A8
P2,Q274,A1
P3,Q274,A6
P4,Q274,A6
P5,Q274,A6
P6,Q274,A6
P7,Q274,A6
P8,Q274,A1
P9,Q274,A8
P0,Q275,A25
P1,Q275,A12
P2,Q275,A25
P3,Q275,A25
P4,Q275,A28
P5,Q275,A28
P6,Q275,A25
P7,Q275,A25
P8,Q275,A28
P9,Q275,A25
P0,Q276,A13
P1,Q276,A28
P2,Q276,A28
P3,Q276,A10
P4,Q276,A12
P5,Q276,A10
P6,Q276,A25
P7,Q276,A10
P8,Q276,A27
P9,Q276,A13
P0,Q277,A25
P1,Q277,A13
P2,Q277,A10
P3,Q277,A9
P4,Q277,A9
P5,Q277,A10
P6,Q277,A13
P7,Q277,A10
P8,Q277,A10
P9,Q277,A10
P0,Q278,A8
P1,Q278,A8
P2,Q278,A8
P3,Q278,A8
P4,Q278,A23
P5,Q278,A8
P6,Q278,A6
P7,Q278,A8
P8,Q278,A8
P9,Q278,A20
P0,Q279,A21
P1,Q279,A6
P2,Q279,A21
P3,Q279,A21
P4,Q279,A20
P5,Q279,A21
P6,Q279,A21
P7,Q279,A21
P8,Q279,A21
P9,Q279,A20
P0,Q280,A6
P1,Q280,A6
P2,Q280,A23
P3,Q280,A21
P4,Q280,A23
P5,Q280,A21
P6,Q280,A1
P7,Q280,A23
P8,Q280,A23
P9,Q280,A20
P0,Q281,A5
P1,Q281,A15
P2,Q281,A19
P3,Q281,A9
P4,Q281,A4
P5,Q281,A4
P6,Q281,A6
P7,Q281,A9
P8,Q281,A9
P9,Q281,A19
P0,Q282,A6
P1,Q282,A0
P2,Q282,A15
P3,Q282,A6
P4,Q282,A15
P5,Q282,A15
P6,Q282,A15
P7,Q282,A6
P8,Q282,A15
P9,Q282,A15
P0,Q283,A21
P1,Q283,A0
P2,Q283,A0
P3,Q283,A15
P4,Q283,A15
P5,Q283,A15
P6,Q283,A0
P7,Q283,A15
P8,Q283,A0
P9,Q283,A15
P0,Q284,A21
P1,Q284,A15
P2,Q284,A21
P3,Q284,A21
P4,Q284,A21
P5,Q284,A2
P6,Q284,A2
P7,Q284,A14
P8,Q284,A17
P9,Q284,A21
P0,Q285,A23
P1,Q285,A23
P2,Q285,A23
P3,Q285,A23
P4,Q285,A23
P5,Q285,A23
P6,Q285,A23
P7,Q285,A8
P8,Q285,A23
P9,Q285,A23
P0,Q286,A21
P1,Q286,A21
P2,Q286,A20
P3,Q286,A21
P4,Q286,A23
P5,Q286,A6
P6,Q286,A16
P7,Q286,A6
P8,Q286,A21
P9,Q286,A1
P0,Q287,A8
P1,Q287,A23
P2,Q287,A23
P3,Q287,A8
P4,Q287,A23
P5,Q287,A8
P6,Q287,A1
P7,Q287,A16
P8,Q287,A23
P9,Q287,A1
P0,Q288,A21
P1,Q288,A21
P2,Q288,A16
P3,Q288,A6
P4,Q288,A6
P5,Q288,A6
P6,Q288,A5
P7,Q288,A21
P8,Q288,A16
P9,Q288,A21
P0,Q289,A12
P1,Q289,A12
P2,Q289,A24
P3,Q289,A9
P4,Q289,A9
P5,Q289,A12
P6,Q289,A12
P7,Q289,A9
P8,Q289,A9
P9,Q289,A9
P0,Q290,A12
P1,Q290,A24
P2,Q290,A28
P3,Q290,A12
P4,Q290,A12
P5,Q290,A28
P6,Q290,A12
P7,Q290,A12
P8,Q290,A24
P9,Q290,A24
P0,Q291,A28
P1,Q291,A28
P2,Q291,A28
P3,Q291,A27
P4,Q291,A12
P5,Q291,A28
P6,Q291,A27
P7,Q291,A27
P8,Q291,A27
P9,Q291,A28
P0,Q292,A28
P1,Q292,A13
P2,Q292,A13
P3,Q292,A28
P4,Q292,A28
P5,Q292,A13
P6,Q292,A28
P7,Q292,A28
P8,Q292,A28
P9,Q292,A13
P0,Q293,A9
P1,Q293,A9
P2,Q293,A6
P3,Q293,A9
P4,Q293,A13
P5,Q293,A27
P6,Q293,A9
P7,Q293,A9
P8,Q293,A9
P9,Q293,A6
P0,Q294,A28
P1,Q294,A12
P2,Q294,A13
P3,Q294,A24
P4,Q294,A28
P5,Q294,A24
P6,Q294,A28
P7,Q294,A28
P8,Q294,A25
P9,Q294,A28
P0,Q295,A13
P1,Q295,A9
P2,Q295,A10
P3,Q295,A10
P4,Q295,A10
P5,Q295,A10
P6,Q295,A10
P7,Q295,A27
P8,Q295,A10
P9,Q295,A10
P0,Q296,A12
P1,Q296,A12
P2,Q296,A9
P3,Q296,A25
P4,Q296,A25
P5,Q296,A12
P6,Q296,A9
P7,Q296,A25
P8,Q296,A12
P9,Q296,A24
P0,Q297,A27
P1,Q297,A12
P2,Q297,A27
P3,Q297,A27
P4,Q297,A27
P5,Q297,A12
P6,Q297,A9
P7,Q297,A9
P8,Q297,A27
P9,Q297,A25
P0,Q298,A23
P1,Q298,A23
P2,Q298,A23
P3,Q298,A8
P4,Q298,A23
P5,Q298,A8
P6,Q298,A8
P7,Q298,A23
P8,Q298,A23
P9,Q298,A23
P0,Q299,A8
P1,Q299,A23
P2,Q299,A8
P3,Q299,A23
P4,Q299,A18
P5,Q299,A23
P6,Q299,A8
P7,Q299,A23
P8,Q299,A8
P9,Q299,A18
P0,Q300,A28
P1,Q300,A13
P2,Q300,A13
P3,Q300,A13
P4,Q300,A13
P5,Q300,A13
P6,Q300,A13
P7,Q300,A9
P8,Q300,A13
P9,Q300,A28
P0,Q301,A28
P1,Q301,A13
P2,Q301,A9
P3,Q301,A9
P4,Q301,A13
P5,Q301,A9
P6,Q301,A5
P7,Q301,A13
P8,Q301,A9
P9,Q301,A9
P0,Q302,A27
P1,Q302,A13
P2,Q302,A13
P3,Q302,A13
P4,Q302,A13
P5,Q302,A13
P6,Q302,A25
P7,Q302,A9
P8,Q302,A13
P9,Q302,A9
P0,Q303,A23
P1,Q303,A23
P2,Q303,A23
P3,Q303,A23
P4,Q303,A23
P5,Q303,A23
P6,Q303,A23
P7,Q303,A23
P8,Q303,A23
P9,Q303,A7
P0,Q304,A23
P1,Q304,A23
P2,Q304,A23
P3,Q304,A23
P4,Q304,A23
P5,Q304,A23
P6,Q304,A23
P7,Q304,A23
P8,Q304,A23
P9,Q304,A22
P0,Q305,A23
P1,Q305,A23
P2,Q305,A8
P3,Q305,A8
P4,Q305,A8
P5,Q305,A8
P6,Q305,A23
P7,Q305,A23
P8,Q305,A23
P9,Q305,A8
P0,Q306,A23
P1,Q306,A23
P2,Q306,A7
P3,Q306,A8
P4,Q306,A23
P5,Q306,A7
P6,Q306,A7
P7,Q306,A8
P8,Q306,A7
P9,Q306,A23
P0,Q307,A6
P1,Q307,A8
P2,Q307,A6
P3,Q307,A1
P4,Q307,A4
P5,Q307,A4
P6,Q307,A1
P7,Q307,A6
P8,Q307,A4
P9,Q307,A4
P0,Q308,A23
P1,Q308,A23
P2,Q308,A8
P3,Q308,A23
P4,Q308,A22
P5,Q308,A8
P6,Q308,A23
P7,Q308,A22
P8,Q308,A23
P9,Q308,A22
P0,Q309,A8
P1,Q309,A8
P2,Q309,A20
P3,Q309,A8
P4,Q309,A8
P5,Q309,A8
P6,Q309,A20
P7,Q309,A23
P8,Q309,A8
P9,Q309,A8
P0,Q310,A23
P1,Q310,A23
P2,Q310,A8
P3,Q310,A8
P4,Q310,A8
P5,Q310,A23
P6,Q310,A8
P7,Q310,A8
P8,Q310,A23
P9,Q310,A23
P0,Q311,A19
P1,Q311,A19
P2,Q311,A5
P3,Q311,A5
P4,Q311,A19
P5,Q311,A5
P6,Q311,A5
P7,Q311,A19
P8,Q311,A5
P9,Q311,A5
P0,Q312,A6
P1,Q312,A15
P2,Q312,A15
P3,Q312,A6
P4,Q312,A6
P5,Q312,A15
P6,Q312,A6
P7,Q312,A15
P8,Q312,A15
P9,Q312,A6
P0,Q313,A8
P1,Q313,A22
P2,Q313,A22
P3,Q313,A8
P4,Q313,A8
P5,Q313,A8
P6,Q313,A7
P7,Q313,A8
P8,Q313,A8
P9,Q313,A22
P0,Q314,A23
P1,Q314,A8
P2,Q314,A16
P3,Q314,A20
P4,Q314,A23
P5,Q314,A16
P6,Q314,A16
P7,Q314,A20
P8,Q314,A16
P9,Q314,A16
P0,Q315,A8
P1,Q315,A0
P2,Q315,A19
P3,Q315,A8
P4,Q315,A19
P5,Q315,A5
P6,Q315,A5
P7,Q315,A8
P8,Q315,A0
P9,Q315,A8
P0,Q316,A4
P1,Q316,A4
P2,Q316,A4
P3,Q316,A4
P4,Q316,A4
P5,Q316,A4
P6,Q316,A4
P7,Q316,A4
P8,Q316,A4
P9,Q316,A4
P0,Q317,A8
P1,Q317,A4
P2,Q317,A8
P3,Q317,A20
P4,Q317,A22
P5,Q317,A8
P6,Q317,A4
P7,Q317,A8
P8,Q317,A8
P9,Q317,A22
P0,Q318,A24
P1,Q318,A12
P2,Q318,A24
P3,Q318,A24
P4,Q318,A24
P5,Q318,A27
P6,Q318,A13
P7,Q318,A12
P8,Q318,A24
P9,Q318,A24
P0,Q319,A27
P1,Q319,A9
P2,Q319,A9
P3,Q319,A9
P4,Q319,A9
P5,Q319,A12
P6,Q319,A27
P7,Q319,A9
P8,Q319,A12
P9,Q319,A9
P0,Q320,A12
P1,Q320,A12
P2,Q320,A10
P3,Q320,A10
P4,Q320,A10
P5,Q320,A10
P6,Q320,A12
P7,Q320,A12
P8,Q320,A10
P9,Q320,A10
P0,Q321,A6
P1,Q321,A6
P2,Q321,A2
P3,Q321,A2
P4,Q321,A21
P5,Q321,A2
P6,Q321,A2
P7,Q321,A2
P8,Q321,A2
P9,Q321,A2
P0,Q322,A23
P1,Q322,A20
P2,Q322,A20
P3,Q322,A20
P4,Q322,A23
P5,Q322,A21
P6,Q322,A17
P7,Q322,A20
P8,Q322,A20
P9,Q322,A23
P0,Q323,A23
P1,Q323,A23
P2,Q323,A23
P3,Q323,A23
P4,Q323,A22
P5,Q323,A22
P6,Q323,A23
P7,Q323,A23
P8,Q323,A23
P9,Q323,A22
P0,Q324,A21
P1,Q324,A6
P2,Q324,A20
P3,Q324,A21
P4,Q324,A21
P5,Q324,A21
P6,Q324,A2
P7,Q324,A21
P8,Q324,A20
P9,Q324,A21
P0,Q325,A21
P1,Q325,A6
P2,Q325,A6
P3,Q325,A6
P4,Q325,A6
P5,Q325,A13
P6,Q325,A21
P7,Q325,A15
P8,Q325,A6
P9,Q325,A4
P0,Q326,A21
P1,Q326,A21
P2,Q326,A21
P3,Q326,A21
P4,Q326,A21
P5,Q326,A21
P6,Q326,A6
P7,Q326,A21
P8,Q326,A21
P9,Q326,A21
P0,Q327,A6
P1,Q327,A21
P2,Q327,A6
P3,Q327,A21
P4,Q327,A21
P5,Q327,A6
P6,Q327,A21
P7,Q327,A21
P8,Q327,A6
P9,Q327,A14
P0,Q328,A6
P1,Q328,A6
P2,Q328,A21
P3,Q328,A6
P4,Q328,A21
P5,Q328,A6
P6,Q328,A6
P7,Q328,A21
P8,Q328,A21
P9,Q328,A1
P0,Q329,A8
P1,Q329,A8
P2,Q329,A23
P3,Q329,A23
P4,Q329,A20
P5,Q329,A20
P6,Q329,A8
P7,Q329,A23
P8,Q329,A20
P9,Q329,A20
P0,Q330,A6
P1,Q330,A21
P2,Q330,A6
P3,Q330,A6
P4,Q330,A9
P5,Q330,A6
P6,Q330,A6
P7,Q330,A6
P8,Q330,A6
P9,Q330,A9
P0,Q331,A6
P1,Q331,A6
P2,Q331,A6
P3,Q331,A6
P4,Q331,A6
P5,Q331,A6
P6,Q331,A6
P7,Q331,A6
P8,Q331,A6
P9,Q331,A3
P0,Q332,A21
P1,Q332,A6
P2,Q332,A6
P3,Q332,A21
P4,Q332,A13
P5,Q332,A6
P6,Q332,A6
P7,Q332,A6
P8,Q332,A6
P9,Q332,A14
P0,Q333,A21
P1,Q333,A21
P2,Q333,A6
P3,Q333,A21
P4,Q333,A21
P5,Q333,A6
P6,Q333,A9
P7,Q333,A21
P8,Q333,A21
P9,Q333,A21
P0,Q334,A6
P1,Q334,A21
P2,Q334,A6
P3,Q334,A6
P4,Q334,A6
P5,Q334,A6
P6,Q334,A6
P7,Q334,A21
P8,Q334,A6
P9,Q334,A6
P0,Q335,A23
P1,Q335,A8
P2,Q335,A8
P3,Q335,A8
P4,Q335,A8
P5,Q335,A8
P6,Q335,A16
P7,Q335,A23
P8,Q335,A8
P9,Q335,A8
P0,Q336,A6
P1,Q336,A8
P2,Q336,A6
P3,Q336,A6
P4,Q336,A6
P5,Q336,A6
P6,Q336,A1
P7,Q336,A6
P8,Q336,A6
P9,Q336,A6
P0,Q337,A5
P1,Q337,A15
P2,Q337,A5
P3,Q337,A5
P4,Q337,A5
P5,Q337,A5
P6,Q337,A5
P7,Q337,A5
P8,Q337,A5
P9,Q337,A5
P0,Q338,A15
P1,Q338,A0
P2,Q338,A8
P3,Q338,A15
P4,Q338,A8
P5,Q338,A4
P6,Q338,A15
P7,Q338,A15
P8,Q338,A15
P9,Q338,A15
P0,Q339,A8
P1,Q339,A20
P2,Q339,A23
P3,Q339,A8
P4,Q339,A23
P5,Q339,A20
P6,Q339,A4
P7,Q339,A8
P8,Q339,A8
P9,Q339,A20
P0,Q340,A8
P1,Q340,A6
P2,Q340,A6
P3,Q340,A8
P4,Q340,A23
P5,Q340,A6
P6,Q340,A6
P7,Q340,A8
P8,Q340,A21
P9,Q340,A6
P0,Q341,A23
P1,Q341,A23
P2,Q341,A8
P3,Q341,A8
P4,Q341,A23
P5,Q341,A8
P6,Q341,A8
P7,Q341,A8
P8,Q341,A8
P9,Q341,A23
P0,Q342,A6
P1,Q342,A6
P2,Q342,A8
P3,Q342,A8
P4,Q342,A8
P5,Q342,A8
P6,Q342,A8
P7,Q342,A8
P8,Q342,A8
P9,Q342,A8
P0,Q343,A23
P1,Q343,A23
P2,Q343,A22
P3,Q343,A23
P4,Q343,A22
P5,Q343,A22
P6,Q343,A7
P7,Q343,A23
P8,Q343,A22
P9,Q343,A23
P0,Q344,A23
P1,Q344,A23
P2,Q344,A23
P3,Q344,A23
P4,Q344,A23
P5,Q344,A23
P6,Q344,A23
P7,Q344,A23
P8,Q344,A23
P9,Q344,A23
P0,Q345,A21
P1,Q345,A6
P2,Q345,A6
P3,Q345,A6
P4,Q345,A21
P5,Q345,A21
P6,Q345,A6
P7,Q345,A5
P8,Q345,A5
P9,Q345,A6
P0,Q346,A8
P1,Q346,A8
P2,Q346,A8
P3,Q346,A8
P4,Q346,A8
P5,Q346,A8
P6,Q346,A8
P7,Q346,A8
P8,Q346,A8
P9,Q346,A8
P0,Q347,A21
P1,Q347,A21
P2,Q347,A6
P3,Q347,A6
P4,Q347,A21
P5,Q347,A21
P6,Q347,A6
P7,Q347,A4
P8,Q347,A6
P9,Q347,A21
P0,Q348,A8
P1,Q348,A0
P2,Q348,A19
P3,Q348,A0
P4,Q348,A19
P5,Q348,A0
P6,Q348,A0
P7,Q348,A0
P8,Q348,A19
P9,Q348,A0
P0,Q349,A15
P1,Q349,A0
P2,Q349,A15
P3,Q349,A15
P4,Q349,A15
P5,Q349,A0
P6,Q349,A15
P7,Q349,A15
P8,Q349,A15
P9,Q349,A15
P0,Q350,A23
P1,Q350,A7
P2,Q350,A8
P3,Q350,A8
P4,Q350,A23
P5,Q350,A23
P6,Q350,A0
P7,Q350,A19
P8,Q350,A8
P9,Q350,A23
P0,Q351,A27
P1,Q351,A12
P2,Q351,A12
P3,Q351,A27
P4,Q351,A12
P5,Q351,A12
P6,Q351,A12
P7,Q351,A12
P8,Q351,A12
P9,Q351,A25
P0,Q352,A28
P1,Q352,A13
P2,Q352,A13
P3,Q352,A13
P4,Q352,A13
P5,Q352,A9
P6,Q352,A9
P7,Q352,A13
P8,Q352,A13
P9,Q352,A13
P0,Q353,A12
P1,Q353,A12
P2,Q353,A24
P3,Q353,A24
P4,Q353,A12
P5,Q353,A24
P6,Q353,A12
P7,Q353,A24
P8,Q353,A24
P9,Q353,A12
P0,Q354,A23
P1,Q354,A0
P2,Q354,A7
P3,Q354,A0
P4,Q354,A22
P5,Q354,A7
P6,Q354,A0
P7,Q354,A0
P8,Q354,A0
P9,Q354,A0
P0,Q355,A15
P1,Q355,A15
P2,Q355,A0
P3,Q355,A15
P4,Q355,A0
P5,Q355,A0
P6,Q355,A15
P7,Q355,A4
P8,Q355,A0
P9,Q355,A0
P0,Q356,A23
P1,Q356,A23
P2,Q356,A20
P3,Q356,A8
P4,Q356,A22
P5,Q356,A23
P6,Q356,A8
P7,Q356,A22
P8,Q356,A18
P9,Q356,A23
P0,Q357,A8
P1,Q357,A7
P2,Q357,A8
P3,Q357,A8
P4,Q357,A7
P5,Q357,A7
P6,Q357,A8
P7,Q357,A8
P8,Q357,A8
P9,Q357,A7
P0,Q358,A23
P1,Q358,A8
P2,Q358,A0
P3,Q358,A23
P4,Q358,A23
P5,Q358,A23
P6,Q358,A0
P7,Q358,A1
P8,Q358,A23
P9,Q358,A8
P0,Q359,A23
P1,Q359,A22
P2,Q359,A22
P3,Q359,A22
P4,Q359,A22
P5,Q359,A8
P6,Q359,A7
P7,Q359,A22
P8,Q359,A8
P9,Q359,A22
P0,Q360,A23
P1,Q360,A8
P2,Q360,A6
P3,Q360,A6
P4,Q360,A23
P5,Q360,A6
P6,Q360,A16
P7,Q360,A6
P8,Q360,A6
P9,Q360,A23
P0,Q361,A8
P1,Q361,A4
P2,Q361,A4
P3,Q361,A8
P4,Q361,A4
P5,Q361,A4
P6,Q361,A6
P7,Q361,A20
P8,Q361,A4
P9,Q361,A4
P0,Q362,A21
P1,Q362,A21
P2,Q362,A21
P3,Q362,A21
P4,Q362,A17
P5,Q362,A21
P6,Q362,A17
P7,Q362,A21
P8,Q362,A21
P9,Q362,A19
P0,Q363,A6
P1,Q363,A4
P2,Q363,A1
P3,Q363,A6
P4,Q363,A1
P5,Q363,A6
P6,Q363,A6
P7,Q363,A6
P8,Q363,A1
P9,Q363,A1
P0,Q364,A23
P1,Q364,A8
P2,Q364,A23
P3,Q364,A6
P4,Q364,A23
P5,Q364,A6
P6,Q364,A8
P7,Q364,A23
P8,Q364,A23
P9,Q364,A23
P0,Q365,A27
P1,Q365,A13
P2,Q365,A27
P3,Q365,A27
P4,Q365,A24
P5,Q365,A25
P6,Q365,A13
P7,Q365,A27
P8,Q365,A27
P9,Q365,A25
P0,Q366,A24
P1,Q366,A27
P2,Q366,A27
P3,Q366,A27
P4,Q366,A27
P5,Q366,A27
P6,Q366,A9
P7,Q366,A27
P8,Q366,A27
P9,Q366,A27
P0,Q367,A9
P1,Q367,A13
P2,Q367,A25
P3,Q367,A9
P4,Q367,A10
P5,Q367,A25
P6,Q367,A27
P7,Q367,A13
P8,Q367,A6
P9,Q367,A10
P0,Q368,A6
P1,Q368,A6
P2,Q368,A6
P3,Q368,A6
P4,Q368,A6
P5,Q368,A6
P6,Q368,A6
P7,Q368,A6
P8,Q368,A6
P9,Q368,A6
P0,Q369,A21
P1,Q369,A21
P2,Q369,A21
P3,Q369,A21
P4,Q369,A13
P5,Q369,A21
P6,Q369,A21
P7,Q369,A21
P8,Q369,A21
P9,Q369,A21
P0,Q370,A21
P1,Q370,A2
P2,Q370,A17
P3,Q370,A21
P4,Q370,A2
P5,Q370,A17
P6,Q370,A2
P7,Q370,A2
P8,Q370,A2
P9,Q370,A17
P0,Q371,A21
P1,Q371,A21
P2,Q371,A21
P3,Q371,A21
P4,Q371,A21
P5,Q371,A21
P6,Q371,A0
P7,Q371,A21
P8,Q371,A21
P9,Q371,A17
P0,Q372,A23
P1,Q372,A8
P2,Q372,A23
P3,Q372,A23
P4,Q372,A23
P5,Q372,A23
P6,Q372,A1
P7,Q372,A23
P8,Q372,A23
P9,Q372,A23
P0,Q373,A6
P1,Q373,A21
P2,Q373,A19
P3,Q373,A20
P4,Q373,A29
P5,Q373,A19
P6,Q373,A13
P7,Q373,A21
P8,Q373,A15
P9,Q373,A29
P0,Q374,A25
P1,Q374,A27
P2,Q374,A25
P3,Q374,A25
P4,Q374,A25
P5,Q374,A10
P6,Q374,A25
P7,Q374,A25
P8,Q374,A25
P9,Q374,A25
P0,Q375,A28
P1,Q375,A12
P2,Q375,A27
P3,Q375,A28
P4,Q375,A28
P5,Q375,A25
P6,Q375,A9
P7,Q375,A27
P8,Q375,A27
P9,Q375,A27
P0,Q376,A25
P1,Q376,A27
P2,Q376,A25
P3,Q376,A25
P4,Q376,A10
P5,Q376,A25
P6,Q376,A25
P7,Q376,A25
P8,Q376,A25
P9,Q376,A10
P0,Q377,A21
P1,Q377,A15
P2,Q377,A21
P3,Q377,A21
P4,Q377,A13
P5,Q377,A21
P6,Q377,A21
P7,Q377,A21
P8,Q377,A21
P9,Q377,A14
P0,Q378,A21
P1,Q378,A6
P2,Q378,A21
P3,Q378,A21
P4,Q378,A21
P5,Q378,A21
P6,Q378,A21
P7,Q378,A21
P8,Q378,A21
P9,Q378,A5
P0,Q379,A6
P1,Q379,A6
P2,Q379,A6
P3,Q379,A6
P4,Q379,A6
P5,Q379,A6
P6,Q379,A6
P7,Q379,A6
P8,Q379,A6
P9,Q379,A6
P0,Q380,A8
P1,Q380,A23
P2,Q380,A8
P3,Q380,A8
P4,Q380,A20
P5,Q380,A8
P6,Q380,A5
P7,Q380,A8
P8,Q380,A8
P9,Q380,A20
P0,Q381,A8
P1,Q381,A23
P2,Q381,A1
P3,Q381,A8
P4,Q381,A1
P5,Q381,A1
P6,Q381,A1
P7,Q381,A8
P8,Q381,A1
P9,Q381,A1
P0,Q382,A6
P1,Q382,A21
P2,Q382,A1
P3,Q382,A1
P4,Q382,A1
P5,Q382,A1
P6,Q382,A1
P7,Q382,A1
P8,Q382,A1
P9,Q382,A1
P0,Q383,A15
P1,Q383,A21
P2,Q383,A15
P3,Q383,A15
P4,Q383,A15
P5,Q383,A15
P6,Q383,A15
P7,Q383,A15
P8,Q383,A15
P9,Q383,A15
P0,Q384,A15
P1,Q384,A0
P2,Q384,A15
P3,Q384,A15
P4,Q384,A15
P5,Q384,A15
P6,Q384,A15
P7,Q384,A15
P8,Q384,A15
P9,Q384,A15
P0,Q385,A5
P1,Q385,A21
P2,Q385,A5
P3,Q385,A5
P4,Q385,A5
P5,Q385,A15
P6,Q385,A5
P7,Q385,A15
P8,Q385,A15
P9,Q385,A5
P0,Q386,A21
P1,Q386,A8
P2,Q386,A21
P3,Q386,A21
P4,Q386,A21
P5,Q386,A20
P6,Q386,A1
P7,Q386,A21
P8,Q386,A21
P9,Q386,A21
P0,Q387,A16
P1,Q387,A15
P2,Q387,A1
P3,Q387,A16
P4,Q387,A1
P5,Q387,A1
P6,Q387,A1
P7,Q387,A16
P8,Q387,A1
P9,Q387,A1
P0,Q388,A15
P1,Q388,A8
P2,Q388,A1
P3,Q388,A1
P4,Q388,A23
P5,Q388,A16
P6,Q388,A1
P7,Q388,A1
P8,Q388,A1
P9,Q388,A1
P0,Q389,A28
P1,Q389,A13
P2,Q389,A13
P3,Q389,A9
P4,Q389,A9
P5,Q389,A13
P6,Q389,A28
P7,Q389,A13
P8,Q389,A13
P9,Q389,A28
P0,Q390,A6
P1,Q390,A6
P2,Q390,A6
P3,Q390,A21
P4,Q390,A13
P5,Q390,A21
P6,Q390,A10
P7,Q390,A29
P8,Q390,A13
P9,Q390,A26
P0,Q391,A28
P1,Q391,A12
P2,Q391,A28
P3,Q391,A28
P4,Q391,A28
P5,Q391,A28
P6,Q391,A27
P7,Q391,A28
P8,Q391,A28
P9,Q391,A28
P0,Q392,A25
P1,Q392,A12
P2,Q392,A25
P3,Q392,A25
P4,Q392,A28
P5,Q392,A25
P6,Q392,A25
P7,Q392,A25
P8,Q392,A25
P9,Q392,A10
P0,Q393,A27
P1,Q393,A28
P2,Q393,A13
P3,Q393,A27
P4,Q393,A13
P5,Q393,A24
P6,Q393,A13
P7,Q393,A13
P8,Q393,A13
P9,Q393,A25
P0,Q394,A9
P1,Q394,A12
P2,Q394,A13
P3,Q394,A12
P4,Q394,A9
P5,Q394,A13
P6,Q394,A9
P7,Q394,A9
P8,Q394,A9
P9,Q394,A13
P0,Q395,A27
P1,Q395,A28
P2,Q395,A27
P3,Q395,A27
P4,Q395,A24
P5,Q395,A24
P6,Q395,A27
P7,Q395,A24
P8,Q395,A9
P9,Q395,A9
P0,Q396,A12
P1,Q396,A12
P2,Q396,A9
P3,Q396,A12
P4,Q396,A27
P5,Q396,A27
P6,Q396,A12
P7,Q396,A27
P8,Q396,A27
P9,Q396,A12
P0,Q397,A21
P1,Q397,A6
P2,Q397,A13
P3,Q397,A13
P4,Q397,A13
P5,Q397,A13
P6,Q397,A13
P7,Q397,A13
P8,Q397,A13
P9,Q397,A13
P0,Q398,A23
P1,Q398,A6
P2,Q398,A23
P3,Q398,A8
P4,Q398,A23
P5,Q398,A23
P6,Q398,A21
P7,Q398,A8
P8,Q398,A23
P9,Q398,A20
P0,Q399,A8
P1,Q399,A6
P2,Q399,A6
P3,Q399,A21
P4,Q399,A6
P5,Q399,A8
P6,Q399,A6
P7,Q399,A21
P8,Q399,A21
P9,Q399,A21
P0,Q400,A13
P1,Q400,A27
P2,Q400,A13
P3,Q400,A13
P4,Q400,A13
P5,Q400,A10
P6,Q400,A11
P7,Q400,A13
P8,Q400,A13
P9,Q400,A11
P0,Q401,A27
P1,Q401,A12
P2,Q401,A27
P3,Q401,A27
P4,Q401,A12
P5,Q401,A12
P6,Q401,A27
P7,Q401,A27
P8,Q401,A27
P9,Q401,A27
P0,Q402,A24
P1,Q402,A24
P2,Q402,A12
P3,Q402,A24
P4,Q402,A24
P5,Q402,A24
P6,Q402,A12
P7,Q402,A24
P8,Q402,A24
P9,Q402,A24
P0,Q403,A23
P1,Q403,A23
P2,Q403,A23
P3,Q403,A23
P4,Q403,A23
P5,Q403,A23
P6,Q403,A5
P7,Q403,A23
P8,Q403,A23
P9,Q403,A8
P0,Q404,A23
P1,Q404,A23
P2,Q404,A23
P3,Q404,A23
P4,Q404,A23
P5,Q404,A23
P6,Q404,A18
P7,Q404,A23
P8,Q404,A23
P9,Q404,A23
P0,Q405,A8
P1,Q405,A8
P2,Q405,A23
P3,Q405,A8
P4,Q405,A23
P5,Q405,A23
P6,Q405,A7
P7,Q405,A8
P8,Q405,A8
P9,Q405,A23
P0,Q406,A6
P1,Q406,A20
P2,Q406,A6
P3,Q406,A6
P4,Q406,A8
P5,Q406,A21
P6,Q406,A8
P7,Q406,A1
P8,Q406,A6
P9,Q406,A2
P0,Q407,A8
P1,Q407,A21
P2,Q407,A8
P3,Q407,A8
P4,Q407,A8
P5,Q407,A8
P6,Q407,A4
P7,Q407,A8
P8,Q407,A8
P9,Q407,A5
P0,Q408,A6
P1,Q408,A21
P2,Q408,A6
P3,Q408,A6
P4,Q408,A6
P5,Q408,A6
P6,Q408,A21
P7,Q408,A6
P8,Q408,A6
P9,Q408,A21
P0,Q409,A23
P1,Q409,A22
P2,Q409,A23
P3,Q409,A23
P4,Q409,A23
P5,Q409,A23
P6,Q409,A23
P7,Q409,A23
P8,Q409,A8
P9,Q409,A7
P0,Q410,A23
P1,Q410,A23
P2,Q410,A23
P3,Q410,A23
P4,Q410,A23
P5,Q410,A23
P6,Q410,A8
P7,Q410,A23
P8,Q410,A23
P9,Q410,A23
P0,Q411,A23
P1,Q411,A23
P2,Q411,A23
P3,Q411,A23
P4,Q411,A23
P5,Q411,A23
P6,Q411,A8
P7,Q411,A23
P8,Q411,A23
P9,Q411,A23
P0,Q412,A5
P1,Q412,A19
P2,Q412,A19
P3,Q412,A19
P4,Q412,A19
P5,Q412,A5
P6,Q412,A20
P7,Q412,A19
P8,Q412,A19
P9,Q412,A19
P0,Q413,A15
P1,Q413,A19
P2,Q413,A15
P3,Q413,A0
P4,Q413,A19
P5,Q413,A19
P6,Q413,A0
P7,Q413,A19
P8,Q413,A15
P9,Q413,A15
P0,Q414,A4
P1,Q414,A0
P2,Q414,A4
P3,Q414,A4
P4,Q414,A7
P5,Q414,A4
P6,Q414,A4
P7,Q414,A5
P8,Q414,A4
P9,Q414,A4
P0,Q415,A20
P1,Q415,A0
P2,Q415,A16
P3,Q415,A16
P4,Q415,A22
P5,Q415,A4
P6,Q415,A1
P7,Q415,A5
P8,Q415,A16
P9,Q415,A16
P0,Q416,A4
P1,Q416,A0
P2,Q416,A4
P3,Q416,A4
P4,Q416,A4
P5,Q416,A4
P6,Q416,A4
P7,Q416,A4
P8,Q416,A19
P9,Q416,A4
P0,Q417,A23
P1,Q417,A15
P2,Q417,A2
P3,Q417,A0
P4,Q417,A2
P5,Q417,A15
P6,Q417,A15
P7,Q417,A2
P8,Q417,A2
P9,Q417,A2
P0,Q418,A28
P1,Q418,A12
P2,Q418,A25
P3,Q418,A28
P4,Q418,A28
P5,Q418,A10
P6,Q418,A28
P7,Q418,A28
P8,Q418,A28
P9,Q418,A28
P0,Q419,A27
P1,Q419,A28
P2,Q419,A25
P3,Q419,A10
P4,Q419,A10
P5,Q419,A10
P6,Q419,A9
P7,Q419,A10
P8,Q419,A24
P9,Q419,A25
P0,Q420,A13
P1,Q420,A13
P2,Q420,A13
P3,Q420,A10
P4,Q420,A11
P5,Q420,A13
P6,Q420,A9
P7,Q420,A14
P8,Q420,A13
P9,Q420,A14
P0,Q421,A21
P1,Q421,A6
P2,Q421,A2
P3,Q421,A2
P4,Q421,A2
P5,Q421,A2
P6,Q421,A2
P7,Q421,A2
P8,Q421,A2
P9,Q421,A2
P0,Q422,A8
P1,Q422,A19
P2,Q422,A2
P3,Q422,A19
P4,Q422,A8
P5,Q422,A5
P6,Q422,A15
P7,Q422,A2
P8,Q422,A2
P9,Q422,A2
P0,Q423,A21
P1,Q423,A6
P2,Q423,A21
P3,Q423,A21
P4,Q423,A24
P5,Q423,A14
P6,Q423,A20
P7,Q423,A20
P8,Q423,A21
P9,Q423,A3
P0,Q424,A6
P1,Q424,A21
P2,Q424,A21
P3,Q424,A21
P4,Q424,A21
P5,Q424,A21
P6,Q424,A6
P7,Q424,A6
P8,Q424,A21
P9,Q424,A21
P0,Q425,A6
P1,Q425,A21
P2,Q425,A21
P3,Q425,A6
P4,Q425,A21
P5,Q425,A21
P6,Q425,A5
P7,Q425,A21
P8,Q425,A21
P9,Q425,A21
P0,Q426,A21
P1,Q426,A15
P2,Q426,A15
P3,Q426,A0
P4,Q426,A21
P5,Q426,A21
P6,Q426,A5
P7,Q426,A21
P8,Q426,A21
P9,Q426,A0
P0,Q427,A6
P1,Q427,A6
P2,Q427,A8
P3,Q427,A6
P4,Q427,A8
P5,Q427,A21
P6,Q427,A5
P7,Q427,A20
P8,Q427,A5
P9,Q427,A20
P0,Q428,A6
P1,Q428,A21
P2,Q428,A6
P3,Q428,A6
P4,Q428,A6
P5,Q428,A6
P6,Q428,A6
P7,Q428,A6
P8,Q428,A6
P9,Q428,A6
P0,Q429,A6
P1,Q429,A6
P2,Q429,A21
P3,Q429,A21
P4,Q429,A21
P5,Q429,A21
P6,Q429,A6
P7,Q429,A21
P8,Q429,A21
P9,Q429,A21
P0,Q430,A6
P1,Q430,A6
P2,Q430,A21
P3,Q430,A15
P4,Q430,A25
P5,Q430,A15
P6,Q430,A6
P7,Q430,A6
P8,Q430,A6
P9,Q430,A14
P0,Q431,A6
P1,Q431,A6
P2,Q431,A21
P3,Q431,A21
P4,Q431,A3
P5,Q431,A6
P6,Q431,A6
P7,Q431,A21
P8,Q431,A21
P9,Q431,A25
P0,Q432,A21
P1,Q432,A21
P2,Q432,A21
P3,Q432,A21
P4,Q432,A21
P5,Q432,A21
P6,Q432,A21
P7,Q432,A21
P8,Q432,A21
P9,Q432,A6
P0,Q433,A21
P1,Q433,A21
P2,Q433,A21
P3,Q433,A21
P4,Q433,A21
P5,Q433,A21
P6,Q433,A2
P7,Q433,A21
P8,Q433,A21
P9,Q433,A21
P0,Q434,A6
P1,Q434,A6
P2,Q434,A6
P3,Q434,A6
P4,Q434,A6
P5,Q434,A1
P6,Q434,A5
P7,Q434,A20
P8,Q434,A6
P9,Q434,A6
P0,Q435,A6
P1,Q435,A6
P2,Q435,A6
P3,Q435,A6
P4,Q435,A6
P5,Q435,A6
P6,Q435,A6
P7,Q435,A3
P8,Q435,A6
P9,Q435,A3
P0,Q436,A21
P1,Q436,A21
P2,Q436,A6
P3,Q436,A6
P4,Q436,A21
P5,Q436,A6
P6,Q436,A21
P7,Q436,A0
P8,Q436,A6
P9,Q436,A6
P0,Q437,A8
P1,Q437,A23
P2,Q437,A8
P3,Q437,A8
P4,Q437,A8
P5,Q437,A8
P6,Q437,A8
P7,Q437,A8
P8,Q437,A8
P9,Q437,A3
P0,Q438,A21
P1,Q438,A21
P2,Q438,A21
P3,Q438,A21
P4,Q438,A21
P5,Q438,A6
P6,Q438,A21
P7,Q438,A21
P8,Q438,A21
P9,Q438,A21
P0,Q439,A23
P1,Q439,A23
P2,Q439,A8
P3,Q439,A8
P4,Q439,A8
P5,Q439,A8
P6,Q439,A8
P7,Q439,A8
P8,Q439,A8
P9,Q439,A8
P0,Q440,A6
P1,Q440,A8
P2,Q440,A23
P3,Q440,A5
P4,Q440,A8
P5,Q440,A8
P6,Q440,A5
P7,Q440,A20
P8,Q440,A20
P9,Q440,A5
P0,Q441,A8
P1,Q441,A22
P2,Q441,A8
P3,Q441,A8
P4,Q441,A8
P5,Q441,A8
P6,Q441,A8
P7,Q441,A8
P8,Q441,A8
P9,Q441,A0
P0,Q442,A6
P1,Q442,A5
P2,Q442,A5
P3,Q442,A5
P4,Q442,A12
P5,Q442,A10
P6,Q442,A5
P7,Q442,A10
P8,Q442,A5
P9,Q442,A29
P0,Q443,A23
P1,Q443,A23
P2,Q443,A8
P3,Q443,A23
P4,Q443,A8
P5,Q443,A23
P6,Q443,A23
P7,Q443,A8
P8,Q443,A8
P9,Q443,A23
P0,Q444,A21
P1,Q444,A4
P2,Q444,A5
P3,Q444,A15
P4,Q444,A8
P5,Q444,A8
P6,Q444,A16
P7,Q444,A23
P8,Q444,A8
P9,Q444,A2
P0,Q445,A20
P1,Q445,A8
P2,Q445,A20
P3,Q445,A16
P4,Q445,A20
P5,Q445,A4
P6,Q445,A1
P7,Q445,A20
P8,Q445,A4
P9,Q445,A20
P0,Q446,A6
P1,Q446,A21
P2,Q446,A21
P3,Q446,A6
P4,Q446,A8
P5,Q446,A8
P6,Q446,A21
P7,Q446,A21
P8,Q446,A6
P9,Q446,A8
P0,Q447,A0
P1,Q447,A0
P2,Q447,A0
P3,Q447,A0
P4,Q447,A0
P5,Q447,A0
P6,Q447,A0
P7,Q447,A0
P8,Q447,A0
P9,Q447,A0
P0,Q448,A0
P1,Q448,A0
P2,Q448,A15
P3,Q448,A0
P4,Q448,A0
P5,Q448,A0
P6,Q448,A0
P7,Q448,A15
P8,Q448,A15
P9,Q448,A15
P0,Q449,A23
P1,Q449,A0
P2,Q449,A23
P3,Q449,A0
P4,Q449,A0
P5,Q449,A0
P6,Q449,A0
P7,Q449,A15
P8,Q449,A15
P9,Q449,A0
P0,Q450,A15
P1,Q450,A0
P2,Q450,A0
P3,Q450,A0
P4,Q450,A0
P5,Q450,A0
P6,Q450,A0
P7,Q450,A0
P8,Q450,A0
P9,Q450,A0
P0,Q451,A13
P1,Q451,A13
P2,Q451,A13
P3,Q451,A13
P4,Q451,A13
P5,Q451,A13
P6,Q451,A13
P7,Q451,A13
P8,Q451,A13
P9,Q451,A13
P0,Q452,A9
P1,Q452,A24
P2,Q452,A9
P3,Q452,A9
P4,Q452,A28
P5,Q452,A10
P6,Q452,A9
P7,Q452,A10
P8,Q452,A9
P9,Q452,A9
P0,Q453,A12
P1,Q453,A12
P2,Q453,A12
P3,Q453,A12
P4,Q453,A12
P5,Q453,A12
P6,Q453,A12
P7,Q453,A12
P8,Q453,A12
P9,Q453,A27
P0,Q454,A23
P1,Q454,A23
P2,Q454,A23
P3,Q454,A23
P4,Q454,A23
P5,Q454,A23
P6,Q454,A23
P7,Q454,A21
P8,Q454,A23
P9,Q454,A23
P0,Q455,A23
P1,Q455,A0
P2,Q455,A7
P3,Q455,A7
P4,Q455,A22
P5,Q455,A7
P6,Q455,A7
P7,Q455,A7
P8,Q455,A7
P9,Q455,A22
P0,Q456,A23
P1,Q456,A23
P2,Q456,A23
P3,Q456,A23
P4,Q456,A23
P5,Q456,A23
P6,Q456,A0
P7,Q456,A23
P8,Q456,A23
P9,Q456,A23
P0,Q457,A23
P1,Q457,A23
P2,Q457,A7
P3,Q457,A8
P4,Q457,A7
P5,Q457,A7
P6,Q457,A7
P7,Q457,A7
P8,Q457,A7
P9,Q457,A23
P0,Q458,A23
P1,Q458,A22
P2,Q458,A22
P3,Q458,A22
P4,Q458,A22
P5,Q458,A22
P6,Q458,A7
P7,Q458,A7
P8,Q458,A22
P9,Q458,A7
P0,Q459,A23
P1,Q459,A7
P2,Q459,A22
P3,Q459,A22
P4,Q459,A22
P5,Q459,A22
P6,Q459,A22
P7,Q459,A7
P8,Q459,A22
P9,Q459,A22
P0,Q460,A8
P1,Q460,A0
P2,Q460,A4
P3,Q460,A4
P4,Q460,A4
P5,Q460,A4
P6,Q460,A4
P7,Q460,A4
P8,Q460,A4
P9,Q460,A19
P0,Q461,A6
P1,Q461,A23
P2,Q461,A6
P3,Q461,A6
P4,Q461,A18
P5,Q461,A18
P6,Q461,A3
P7,Q461,A6
P8,Q461,A6
P9,Q461,A3
P0,Q462,A19
P1,Q462,A19
P2,Q462,A4
P3,Q462,A4
P4,Q462,A19
P5,Q462,A19
P6,Q462,A19
P7,Q462,A4
P8,Q462,A19
P9,Q462,A4
P0,Q463,A6
P1,Q463,A8
P2,Q463,A6
P3,Q463,A6
P4,Q463,A3
P5,Q463,A6
P6,Q463,A6
P7,Q463,A6
P8,Q463,A6
P9,Q463,A6
P0,Q464,A23
P1,Q464,A23
P2,Q464,A8
P3,Q464,A23
P4,Q464,A8
P5,Q464,A8
P6,Q464,A8
P7,Q464,A23
P8,Q464,A23
P9,Q464,A8
P0,Q465,A12
P1,Q465,A12
P2,Q465,A10
P3,Q465,A27
P4,Q465,A28
P5,Q465,A10
P6,Q465,A24
P7,Q465,A25
P8,Q465,A10
P9,Q465,A25
P0,Q466,A27
P1,Q466,A28
P2,Q466,A24
P3,Q466,A27
P4,Q466,A24
P5,Q466,A24
P6,Q466,A27
P7,Q466,A27
P8,Q466,A24
P9,Q466,A27
P0,Q467,A28
P1,Q467,A12
P2,Q467,A28
P3,Q467,A24
P4,Q467,A28
P5,Q467,A24
P6,Q467,A9
P7,Q467,A9
P8,Q467,A28
P9,Q467,A28
P0,Q468,A6
P1,Q468,A6
P2,Q468,A6
P3,Q468,A6
P4,Q468,A23
P5,Q468,A6
P6,Q468,A1
P7,Q468,A6
P8,Q468,A6
P9,Q468,A2
P0,Q469,A21
P1,Q469,A21
P2,Q469,A21
P3,Q469,A6
P4,Q469,A21
P5,Q469,A21
P6,Q469,A5
P7,Q469,A21
P8,Q469,A6
P9,Q469,A21
P0,Q470,A21
P1,Q470,A24
P2,Q470,A17
P3,Q470,A21
P4,Q470,A19
P5,Q470,A17
P6,Q470,A5
P7,Q470,A21
P8,Q470,A21
P9,Q470,A17
P0,Q471,A21
P1,Q471,A21
P2,Q471,A21
P3,Q471,A21
P4,Q471,A21
P5,Q471,A15
P6,Q471,A21
P7,Q471,A21
P8,Q471,A15
P9,Q471,A21
P0,Q472,A23
P1,Q472,A6
P2,Q472,A6
P3,Q472,A6
P4,Q472,A6
P5,Q472,A6
P6,Q472,A6
P7,Q472,A6
P8,Q472,A23
P9,Q472,A8
P0,Q473,A6
P1,Q473,A23
P2,Q473,A16
P3,Q473,A6
P4,Q473,A22
P5,Q473,A1
P6,Q473,A1
P7,Q473,A21
P8,Q473,A1
P9,Q473,A20
P0,Q474,A6
P1,Q474,A21
P2,Q474,A6
P3,Q474,A6
P4,Q474,A21
P5,Q474,A6
P6,Q474,A6
P7,Q474,A6
P8,Q474,A6
P9,Q474,A8
P0,Q475,A25
P1,Q475,A25
P2,Q475,A25
P3,Q475,A25
P4,Q475,A10
P5,Q475,A25
P6,Q475,A13
P7,Q475,A25
P8,Q475,A25
P9,Q475,A11
P0,Q476,A25
P1,Q476,A12
P2,Q476,A27
P3,Q476,A25
P4,Q476,A28
P5,Q476,A25
P6,Q476,A25
P7,Q476,A27
P8,Q476,A10
P9,Q476,A27
P0,Q477,A6
P1,Q477,A6
P2,Q477,A21
P3,Q477,A6
P4,Q477,A6
P5,Q477,A6
P6,Q477,A1
P7,Q477,A21
P8,Q477,A21
P9,Q477,A6
P0,Q478,A6
P1,Q478,A8
P2,Q478,A6
P3,Q478,A21
P4,Q478,A23
P5,Q478,A6
P6,Q478,A6
P7,Q478,A5
P8,Q478,A6
P9,Q478,A18
P0,Q479,A8
P1,Q479,A20
P2,Q479,A21
P3,Q479,A20
P4,Q479,A8
P5,Q479,A5
P6,Q479,A15
P7,Q479,A20
P8,Q479,A5
P9,Q479,A20
P0,Q480,A4
P1,Q480,A4
P2,Q480,A4
P3,Q480,A4
P4,Q480,A4
P5,Q480,A4
P6,Q480,A4
P7,Q480,A4
P8,Q480,A4
P9,Q480,A4
P0,Q481,A8
P1,Q481,A23
P2,Q481,A8
P3,Q481,A8
P4,Q481,A20
P5,Q481,A8
P6,Q481,A1
P7,Q481,A8
P8,Q481,A20
P9,Q481,A5
P0,Q482,A0
P1,Q482,A0
P2,Q482,A0
P3,Q482,A0
P4,Q482,A0
P5,Q482,A0
P6,Q482,A0
P7,Q482,A0
P8,Q482,A0
P9,Q482,A0
P0,Q483,A6
P1,Q483,A24
P2,Q483,A6
P3,Q483,A6
P4,Q483,A25
P5,Q483,A10
P6,Q483,A26
P7,Q483,A10
P8,Q483,A25
P9,Q483,A25
P0,Q484,A0
P1,Q484,A0
P2,Q484,A15
P3,Q484,A0
P4,Q484,A0
P5,Q484,A0
P6,Q484,A15
P7,Q484,A0
P8,Q484,A0
P9,Q484,A15
P0,Q485,A15
P1,Q485,A15
P2,Q485,A15
P3,Q485,A15
P4,Q485,A15
P5,Q485,A15
P6,Q485,A15
P7,Q485,A15
P8,Q485,A15
P9,Q485,A15
P0,Q486,A21
P1,Q486,A21
P2,Q486,A21
P3,Q486,A21
P4,Q486,A21
P5,Q486,A17
P6,Q486,A17
P7,Q486,A17
P8,Q486,A17
P9,Q486,A21
P0,Q487,A6
P1,Q487,A8
P2,Q487,A6
P3,Q487,A6
P4,Q487,A22
P5,Q487,A16
P6,Q487,A6
P7,Q487,A6
P8,Q487,A6
P9,Q487,A15
P0,Q488,A8
P1,Q488,A8
P2,Q488,A18
P3,Q488,A6
P4,Q488,A6
P5,Q488,A6
P6,Q488,A1
P7,Q488,A18
P8,Q488,A6
P9,Q488,A8
P0,Q489,A24
P1,Q489,A24
P2,Q489,A24
P3,Q489,A24
P4,Q489,A24
P5,Q489,A24
P6,Q489,A12
P7,Q489,A24
P8,Q489,A24
P9,Q489,A24
P0,Q490,A28
P1,Q490,A27
P2,Q490,A28
P3,Q490,A28
P4,Q490,A28
P5,Q490,A25
P6,Q490,A12
P7,Q490,A27
P8,Q490,A28
P9,Q490,A29
P0,Q491,A25
P1,Q491,A12
P2,Q491,A25
P3,Q491,A25
P4,Q491,A28
P5,Q491,A25
P6,Q491,A24
P7,Q491,A25
P8,Q491,A27
P9,Q491,A25
P0,Q492,A12
P1,Q492,A12
P2,Q492,A10
P3,Q492,A12
P4,Q492,A24
P5,Q492,A10
P6,Q492,A24
P7,Q492,A12
P8,Q492,A24
P9,Q492,A29
P0,Q493,A9
P1,Q493,A13
P2,Q493,A9
P3,Q493,A9
P4,Q493,A9
P5,Q493,A9
P6,Q493,A27
P7,Q493,A21
P8,Q493,A9
P9,Q493,A27
P0,Q494,A25
P1,Q494,A13
P2,Q494,A27
P3,Q494,A24
P4,Q494,A27
P5,Q494,A27
P6,Q494,A25
P7,Q494,A13
P8,Q494,A24
P9,Q494,A27
P0,Q495,A13
P1,Q495,A13
P2,Q495,A6
P3,Q495,A25
P4,Q495,A6
P5,Q495,A6
P6,Q495,A26
P7,Q495,A6
P8,Q495,A6
P9,Q495,A6
P0,Q496,A9
P1,Q496,A6
P2,Q496,A9
P3,Q496,A9
P4,Q496,A12
P5,Q496,A12
P6,Q496,A9
P7,Q496,A24
P8,Q496,A9
P9,Q496,A9
P0,Q497,A27
P1,Q497,A12
P2,Q497,A27
P3,Q497,A27
P4,Q497,A27
P5,Q497,A27
P6,Q497,A12
P7,Q497,A24
P8,Q497,A24
P9,Q497,A24
P0,Q498,A6
P1,Q498,A6
P2,Q498,A6
P3,Q498,A6
P4,Q498,A21
P5,Q498,A6
P6,Q498,A1
P7,Q498,A18
P8,Q498,A6
P9,Q498,A21
P0,Q499,A23
P1,Q499,A23
P2,Q499,A23
P3,Q499,A23
P4,Q499,A8
P5,Q499,A8
P6,Q499,A0
P7,Q499,A23
P8,Q499,A23
P9,Q499,A8
P0,Q500,A28
P1,Q500,A13
P2,Q500,A13
P3,Q500,A28
P4,Q500,A24
P5,Q500,A28
P6,Q500,A13
P7,Q500,A24
P8,Q500,A24
P9,Q500,A24
P0,Q501,A28
P1,Q501,A27
P2,Q501,A13
P3,Q501,A24
P4,Q501,A13
P5,Q501,A24
P6,Q501,A13
P7,Q501,A28
P8,Q501,A24
P9,Q501,A24
P0,Q502,A13
P1,Q502,A13
P2,Q502,A13
P3,Q502,A13
P4,Q502,A13
P5,Q502,A25
P6,Q502,A11
P7,Q502,A11
P8,Q502,A11
P9,Q502,A26
P0,Q503,A23
P1,Q503,A8
P2,Q503,A23
P3,Q503,A23
P4,Q503,A20
P5,Q503,A23
P6,Q503,A21
P7,Q503,A23
P8,Q503,A23
P9,Q503,A20
P0,Q504,A23
P1,Q504,A23
P2,Q504,A23
P3,Q504,A23
P4,Q504,A8
P5,Q504,A8
P6,Q504,A23
P7,Q504,A23
P8,Q504,A23
P9,Q504,A23
P0,Q505,A8
P1,Q505,A23
P2,Q505,A23
P3,Q505,A8
P4,Q505,A8
P5,Q505,A23
P6,Q505,A8
P7,Q505,A23
P8,Q505,A8
P9,Q505,A8
P0,Q506,A8
P1,Q506,A23
P2,Q506,A20
P3,Q506,A8
P4,Q506,A8
P5,Q506,A20
P6,Q506,A21
P7,Q506,A8
P8,Q506,A20
P9,Q506,A8
P0,Q507,A23
P1,Q507,A23
P2,Q507,A23
P3,Q507,A8
P4,Q507,A23
P5,Q507,A23
P6,Q507,A8
P7,Q507,A8
P8,Q507,A8
P9,Q507,A23
P0,Q508,A23
P1,Q508,A23
P2,Q508,A8
P3,Q508,A23
P4,Q508,A8
P5,Q508,A8
P6,Q508,A6
P7,Q508,A23
P8,Q508,A8
P9,Q508,A8
P0,Q509,A8
P1,Q509,A23
P2,Q509,A8
P3,Q509,A8
P4,Q509,A8
P5,Q509,A8
P6,Q509,A8
P7,Q509,A8
P8,Q509,A8
P9,Q509,A8
P0,Q510,A21
P1,Q510,A21
P2,Q510,A15
P3,Q510,A21
P4,Q510,A21
P5,Q510,A15
P6,Q510,A15
P7,Q510,A21
P8,Q510,A21
P9,Q510,A15
P0,Q511,A4
P1,Q511,A15
P2,Q511,A19
P3,Q511,A4
P4,Q511,A4
P5,Q511,A4
P6,Q511,A5
P7,Q511,A19
P8,Q511,A19
P9,Q511,A19
P0,Q512,A6
P1,Q512,A6
P2,Q512,A21
P3,Q512,A6
P4,Q512,A20
P5,Q512,A6
P6,Q512,A6
P7,Q512,A6
P8,Q512,A6
P9,Q512,A6
P0,Q513,A4
P1,Q513,A15
P2,Q513,A19
P3,Q513,A4
P4,Q513,A4
P5,Q513,A4
P6,Q513,A4
P7,Q513,A4
P8,Q513,A4
P9,Q513,A19
P0,Q514,A4
P1,Q514,A0
P2,Q514,A4
P3,Q514,A4
P4,Q514,A4
P5,Q514,A4
P6,Q514,A15
P7,Q514,A4
P8,Q514,A4
P9,Q514,A4
P0,Q515,A21
P1,Q515,A15
P2,Q515,A4
P3,Q515,A4
P4,Q515,A4
P5,Q515,A4
P6,Q515,A4
P7,Q515,A20
P8,Q515,A20
P9,Q515,A4
P0,Q516,A6
P1,Q516,A21
P2,Q516,A6
P3,Q516,A6
P4,Q516,A21
P5,Q516,A21
P6,Q516,A3
P7,Q516,A6
P8,Q516,A6
P9,Q516,A21
P0,Q517,A4
P1,Q517,A19
P2,Q517,A4
P3,Q517,A4
P4,Q517,A4
P5,Q517,A4
P6,Q517,A19
P7,Q517,A4
P8,Q517,A4
P9,Q517,A19
P0,Q518,A10
P1,Q518,A13
P2,Q518,A25
P3,Q518,A9
P4,Q518,A10
P5,Q518,A10
P6,Q518,A1
P7,Q518,A10
P8,Q518,A10
P9,Q518,A11
P0,Q519,A6
P1,Q519,A6
P2,Q519,A21
P3,Q519,A6
P4,Q519,A13
P5,Q519,A6
P6,Q519,A6
P7,Q519,A6
P8,Q519,A21
P9,Q519,A15
P0,Q520,A28
P1,Q520,A12
P2,Q520,A13
P3,Q520,A24
P4,Q520,A24
P5,Q520,A13
P6,Q520,A13
P7,Q520,A13
P8,Q520,A13
P9,Q520,A28
P0,Q521,A6
P1,Q521,A6
P2,Q521,A21
P3,Q521,A6
P4,Q521,A21
P5,Q521,A17
P6,Q521,A1
P7,Q521,A21
P8,Q521,A21
P9,Q521,A14
P0,Q522,A8
P1,Q522,A15
P2,Q522,A19
P3,Q522,A8
P4,Q522,A19
P5,Q522,A19
P6,Q522,A8
P7,Q522,A17
P8,Q522,A17
P9,Q522,A2
P0,Q523,A21
P1,Q523,A21
P2,Q523,A6
P3,Q523,A6
P4,Q523,A21
P5,Q523,A6
P6,Q523,A1
P7,Q523,A6
P8,Q523,A6
P9,Q523,A21
P0,Q524,A21
P1,Q524,A6
P2,Q524,A20
P3,Q524,A20
P4,Q524,A20
P5,Q524,A20
P6,Q524,A1
P7,Q524,A20
P8,Q524,A20
P9,Q524,A20
P0,Q525,A6
P1,Q525,A21
P2,Q525,A6
P3,Q525,A6
P4,Q525,A5
P5,Q525,A6
P6,Q525,A2
P7,Q525,A6
P8,Q525,A5
P9,Q525,A5
P0,Q526,A6
P1,Q526,A21
P2,Q526,A21
P3,Q526,A6
P4,Q526,A21
P5,Q526,A6
P6,Q526,A6
P7,Q526,A6
P8,Q526,A21
P9,Q526,A21
P0,Q527,A23
P1,Q527,A23
P2,Q527,A23
P3,Q527,A23
P4,Q527,A8
P5,Q527,A8
P6,Q527,A8
P7,Q527,A23
P8,Q527,A23
P9,Q527,A8
P0,Q528,A23
P1,Q528,A21
P2,Q528,A21
P3,Q528,A21
P4,Q528,A23
P5,Q528,A6
P6,Q528,A0
P7,Q528,A21
P8,Q528,A21
P9,Q528,A21
P0,Q529,A21
P1,Q529,A21
P2,Q529,A15
P3,Q529,A21
P4,Q529,A23
P5,Q529,A21
P6,Q529,A21
P7,Q529,A23
P8,Q529,A6
P9,Q529,A21
P0,Q530,A21
P1,Q530,A19
P2,Q530,A17
P3,Q530,A17
P4,Q530,A2
P5,Q530,A17
P6,Q530,A2
P7,Q530,A17
P8,Q530,A17
P9,Q530,A17
P0,Q531,A23
P1,Q531,A8
P2,Q531,A6
P3,Q531,A23
P4,Q531,A8
P5,Q531,A23
P6,Q531,A6
P7,Q531,A6
P8,Q531,A8
P9,Q531,A8
P0,Q532,A6
P1,Q532,A6
P2,Q532,A6
P3,Q532,A6
P4,Q532,A6
P5,Q532,A6
P6,Q532,A6
P7,Q532,A6
P8,Q532,A6
P9,Q532,A21
P0,Q533,A21
P1,Q533,A6
P2,Q533,A21
P3,Q533,A5
P4,Q533,A8
P5,Q533,A8
P6,Q533,A1
P7,Q533,A5
P8,Q533,A5
P9,Q533,A8
P0,Q534,A6
P1,Q534,A21
P2,Q534,A6
P3,Q534,A21
P4,Q534,A21
P5,Q534,A6
P6,Q534,A6
P7,Q534,A6
P8,Q534,A6
P9,Q534,A21
P0,Q535,A8
P1,Q535,A23
P2,Q535,A16
P3,Q535,A6
P4,Q535,A22
P5,Q535,A23
P6,Q535,A6
P7,Q535,A7
P8,Q535,A16
P9,Q535,A7
P0,Q536,A23
P1,Q536,A23
P2,Q536,A8
P3,Q536,A23
P4,Q536,A22
P5,Q536,A23
P6,Q536,A6
P7,Q536,A1
P8,Q536,A23
P9,Q536,A23
P0,Q537,A6
P1,Q537,A6
P2,Q537,A6
P3,Q537,A6
P4,Q537,A6
P5,Q537,A6
P6,Q537,A6
P7,Q537,A3
P8,Q537,A6
P9,Q537,A6
P0,Q538,A6
P1,Q538,A21
P2,Q538,A21
P3,Q538,A6
P4,Q538,A21
P5,Q538,A6
P6,Q538,A5
P7,Q538,A21
P8,Q538,A6
P9,Q538,A21
P0,Q539,A8
P1,Q539,A8
P2,Q539,A8
P3,Q539,A8
P4,Q539,A8
P5,Q539,A8
P6,Q539,A1
P7,Q539,A20
P8,Q539,A8
P9,Q539,A8
P0,Q540,A23
P1,Q540,A23
P2,Q540,A23
P3,Q540,A23
P4,Q540,A23
P5,Q540,A23
P6,Q540,A8
P7,Q540,A23
P8,Q540,A23
P9,Q540,A18
P0,Q541,A23
P1,Q541,A23
P2,Q541,A23
P3,Q541,A23
P4,Q541,A23
P5,Q541,A23
P6,Q541,A8
P7,Q541,A23
P8,Q541,A23
P9,Q541,A23
P0,Q542,A23
P1,Q542,A23
P2,Q542,A23
P3,Q542,A23
P4,Q542,A23
P5,Q542,A23
P6,Q542,A23
P7,Q542,A23
P8,Q542,A23
P9,Q542,A23
P0,Q543,A6
P1,Q543,A6
P2,Q543,A8
P3,Q543,A6
P4,Q543,A8
P5,Q543,A8
P6,Q543,A6
P7,Q543,A6
P8,Q543,A6
P9,Q543,A2
P0,Q544,A8
P1,Q544,A23
P2,Q544,A8
P3,Q544,A8
P4,Q544,A23
P5,Q544,A8
P6,Q544,A23
P7,Q544,A8
P8,Q544,A8
P9,Q544,A8
P0,Q545,A8
P1,Q545,A23
P2,Q545,A8
P3,Q545,A8
P4,Q545,A0
P5,Q545,A0
P6,Q545,A4
P7,Q545,A8
P8,Q545,A8
P9,Q545,A8
P0,Q546,A23
P1,Q546,A8
P2,Q546,A23
P3,Q546,A23
P4,Q546,A8
P5,Q546,A8
P6,Q546,A8
P7,Q546,A23
P8,Q546,A23
P9,Q546,A8
P0,Q547,A15
P1,Q547,A0
P2,Q547,A15
P3,Q547,A15
P4,Q547,A15
P5,Q547,A15
P6,Q547,A15
P7,Q547,A15
P8,Q547,A15
P9,Q547,A15
P0,Q548,A23
P1,Q548,A0
P2,Q548,A0
P3,Q548,A7
P4,Q548,A0
P5,Q548,A0
P6,Q548,A0
P7,Q548,A0
P8,Q548,A0
P9,Q548,A0
P0,Q549,A6
P1,Q549,A8
P2,Q549,A6
P3,Q549,A6
P4,Q549,A6
P5,Q549,A6
P6,Q549,A6
P7,Q549,A6
P8,Q549,A18
P9,Q549,A18
P0,Q550,A23
P1,Q550,A0
P2,Q550,A0
P3,Q550,A0
P4,Q550,A23
P5,Q550,A0
P6,Q550,A0
P7,Q550,A0
P8,Q550,A0
P9,Q550,A0
P0,Q551,A6
P1,Q551,A13
P2,Q551,A25
P3,Q551,A6
P4,Q551,A13
P5,Q551,A27
P6,Q551,A14
P7,Q551,A6
P8,Q551,A27
P9,Q551,A27
P0,Q552,A27
P1,Q552,A13
P2,Q552,A25
P3,Q552,A10
P4,Q552,A10
P5,Q552,A10
P6,Q552,A27
P7,Q552,A25
P8,Q552,A24
P9,Q552,A10
P0,Q553,A12
P1,Q553,A24
P2,Q553,A24
P3,Q553,A12
P4,Q553,A28
P5,Q553,A12
P6,Q553,A27
P7,Q553,A9
P8,Q553,A9
P9,Q553,A12
P0,Q554,A23
P1,Q554,A22
P2,Q554,A7
P3,Q554,A7
P4,Q554,A7
P5,Q554,A7
P6,Q554,A22
P7,Q554,A7
P8,Q554,A7
P9,Q554,A7
P0,Q555,A23
P1,Q555,A23
P2,Q555,A22
P3,Q555,A7
P4,Q555,A22
P5,Q555,A22
P6,Q555,A7
P7,Q555,A22
P8,Q555,A7
P9,Q555,A22
P0,Q556,A6
P1,Q556,A8
P2,Q556,A16
P3,Q556,A16
P4,Q556,A22
P5,Q556,A16
P6,Q556,A1
P7,Q556,A6
P8,Q556,A16
P9,Q556,A22
P0,Q557,A23
P1,Q557,A8
P2,Q557,A8
P3,Q557,A8
P4,Q557,A22
P5,Q557,A23
P6,Q557,A16
P7,Q557,A23
P8,Q557,A8
P9,Q557,A3
P0,Q558,A4
P1,Q558,A4
P2,Q558,A20
P3,Q558,A4
P4,Q558,A19
P5,Q558,A4
P6,Q558,A4
P7,Q558,A20
P8,Q558,A4
P9,Q558,A5
P0,Q559,A23
P1,Q559,A23
P2,Q559,A23
P3,Q559,A23
P4,Q559,A23
P5,Q559,A23
P6,Q559,A6
P7,Q559,A23
P8,Q559,A8
P9,Q559,A23
P0,Q560,A6
P1,Q560,A8
P2,Q560,A15
P3,Q560,A6
P4,Q560,A7
P5,Q560,A15
P6,Q560,A0
P7,Q560,A21
P8,Q560,A21
P9,Q560,A6
P0,Q561,A21
P1,Q561,A21
P2,Q561,A21
P3,Q561,A21
P4,Q561,A21
P5,Q561,A21
P6,Q561,A21
P7,Q561,A21
P8,Q561,A21
P9,Q561,A21
P0,Q562,A21
P1,Q562,A6
P2,Q562,A21
P3,Q562,A21
P4,Q562,A24
P5,Q562,A15
P6,Q562,A21
P7,Q562,A21
P8,Q562,A21
P9,Q562,A21
P0,Q563,A19
P1,Q563,A19
P2,Q563,A19
P3,Q563,A19
P4,Q563,A19
P5,Q563,A19
P6,Q563,A19
P7,Q563,A19
P8,Q563,A19
P9,Q563,A4
P0,Q564,A4
P1,Q564,A8
P2,Q564,A16
P3,Q564,A4
P4,Q564,A4
P5,Q564,A8
P6,Q564,A19
P7,Q564,A4
P8,Q564,A20
P9,Q564,A16
P0,Q565,A9
P1,Q565,A13
P2,Q565,A9
P3,Q565,A9
P4,Q565,A13
P5,Q565,A12
P6,Q565,A9
P7,Q565,A9
P8,Q565,A9
P9,Q565,A25
P0,Q566,A12
P1,Q566,A12
P2,Q566,A12
P3,Q566,A10
P4,Q566,A12
P5,Q566,A12
P6,Q566,A9
P7,Q566,A12
P8,Q566,A12
P9,Q566,A12
P0,Q567,A9
P1,Q567,A28
P2,Q567,A9
P3,Q567,A12
P4,Q567,A9
P5,Q567,A9
P6,Q567,A9
P7,Q567,A12
P8,Q567,A12
P9,Q567,A9
P0,Q568,A23
P1,Q568,A8
P2,Q568,A8
P3,Q568,A6
P4,Q568,A8
P5,Q568,A8
P6,Q568,A0
P7,Q568,A8
P8,Q568,A8
P9,Q568,A8
P0,Q569,A6
P1,Q569,A6
P2,Q569,A6
P3,Q569,A6
P4,Q569,A8
P5,Q569,A6
P6,Q569,A6
P7,Q569,A6
P8,Q569,A6
P9,Q569,A6
P0,Q570,A21
P1,Q570,A21
P2,Q570,A21
P3,Q570,A21
P4,Q570,A21
P5,Q570,A21
P6,Q570,A6
P7,Q570,A21
P8,Q570,A21
P9,Q570,A21
P0,Q571,A21
P1,Q571,A21
P2,Q571,A21
P3,Q571,A21
P4,Q571,A21
P5,Q571,A17
P6,Q571,A17
P7,Q571,A21
P8,Q571,A17
P9,Q571,A17
P0,Q572,A21
P1,Q572,A8
P2,Q572,A16
P3,Q572,A16
P4,Q572,A16
P5,Q572,A20
P6,Q572,A5
P7,Q572,A21
P8,Q572,A16
P9,Q572,A16
P0,Q573,A21
P1,Q573,A5
P2,Q573,A17
P3,Q573,A5
P4,Q573,A21
P5,Q573,A17
P6,Q573,A17
P7,Q573,A21
P8,Q573,A17
P9,Q573,A17
P0,Q574,A25
P1,Q574,A12
P2,Q574,A24
P3,Q574,A25
P4,Q574,A28
P5,Q574,A25
P6,Q574,A13
P7,Q574,A27
P8,Q574,A27
P9,Q574,A27
P0,Q575,A5
P1,Q575,A24
P2,Q575,A5
P3,Q575,A5
P4,Q575,A5
P5,Q575,A5
P6,Q575,A5
P7,Q575,A9
P8,Q575,A5
P9,Q575,A5
P0,Q576,A12
P1,Q576,A12
P2,Q576,A27
P3,Q576,A27
P4,Q576,A27
P5,Q576,A27
P6,Q576,A27
P7,Q576,A27
P8,Q576,A27
P9,Q576,A27
P0,Q577,A0
P1,Q577,A19
P2,Q577,A0
P3,Q577,A0
P4,Q577,A0
P5,Q577,A19
P6,Q577,A0
P7,Q577,A0
P8,Q577,A0
P9,Q577,A15
P0,Q578,A21
P1,Q578,A6
P2,Q578,A21
P3,Q578,A21
P4,Q578,A5
P5,Q578,A21
P6,Q578,A13
P7,Q578,A21
P8,Q578,A21
P9,Q578,A5
P0,Q579,A19
P1,Q579,A15
P2,Q579,A19
P3,Q579,A19
P4,Q579,A19
P5,Q579,A0
P6,Q579,A4
P7,Q579,A0
P8,Q579,A19
P9,Q579,A0
P0,Q580,A5
P1,Q580,A21
P2,Q580,A5
P3,Q580,A15
P4,Q580,A5
P5,Q580,A5
P6,Q580,A5
P7,Q580,A5
P8,Q580,A5
P9,Q580,A5
P0,Q581,A6
P1,Q581,A15
P2,Q581,A15
P3,Q581,A15
P4,Q581,A15
P5,Q581,A15
P6,Q581,A6
P7,Q581,A15
P8,Q581,A15
P9,Q581,A15
P0,Q582,A6
P1,Q582,A19
P2,Q582,A15
P3,Q582,A15
P4,Q582,A15
P5,Q582,A15
P6,Q582,A6
P7,Q582,A20
P8,Q582,A15
P9,Q582,A15
P0,Q583,A6
P1,Q583,A0
P2,Q583,A15
P3,Q583,A15
P4,Q583,A15
P5,Q583,A15
P6,Q583,A6
P7,Q583,A15
P8,Q583,A15
P9,Q583,A0
P0,Q584,A15
P1,Q584,A7
P2,Q584,A15
P3,Q584,A0
P4,Q584,A15
P5,Q584,A0
P6,Q584,A15
P7,Q584,A23
P8,Q584,A0
P9,Q584,A15
P0,Q585,A0
P1,Q585,A0
P2,Q585,A15
P3,Q585,A0
P4,Q585,A15
P5,Q585,A15
P6,Q585,A0
P7,Q585,A15
P8,Q585,A15
P9,Q585,A0
P0,Q586,A4
P1,Q586,A15
P2,Q586,A1
P3,Q586,A4
P4,Q586,A1
P5,Q586,A1
P6,Q586,A1
P7,Q586,A1
P8,Q586,A1
P9,Q586,A1
P0,Q587,A23
P1,Q587,A8
P2,Q587,A16
P3,Q587,A20
P4,Q587,A23
P5,Q587,A16
P6,Q587,A1
P7,Q587,A20
P8,Q587,A20
P9,Q587,A16
P0,Q588,A21
P1,Q588,A15
P2,Q588,A16
P3,Q588,A15
P4,Q588,A15
P5,Q588,A15
P6,Q588,A16
P7,Q588,A16
P8,Q588,A16
P9,Q588,A16
P0,Q589,A28
P1,Q589,A12
P2,Q589,A28
P3,Q589,A28
P4,Q589,A28
P5,Q589,A28
P6,Q589,A24
P7,Q589,A28
P8,Q589,A28
P9,Q589,A28
P0,Q590,A28
P1,Q590,A12
P2,Q590,A28
P3,Q590,A28
P4,Q590,A28
P5,Q590,A24
P6,Q590,A12
P7,Q590,A24
P8,Q590,A28
P9,Q590,A28
P0,Q591,A27
P1,Q591,A12
P2,Q591,A27
P3,Q591,A27
P4,Q591,A27
P5,Q591,A27
P6,Q591,A13
P7,Q591,A24
P8,Q591,A27
P9,Q591,A27
P0,Q592,A9
P1,Q592,A12
P2,Q592,A27
P3,Q592,A27
P4,Q592,A27
P5,Q592,A12
P6,Q592,A27
P7,Q592,A27
P8,Q592,A27
P9,Q592,A27
P0,Q593,A27
P1,Q593,A9
P2,Q593,A27
P3,Q593,A27
P4,Q593,A9
P5,Q593,A9
P6,Q593,A27
P7,Q593,A9
P8,Q593,A27
P9,Q593,A9
P0,Q594,A13
P1,Q594,A13
P2,Q594,A10
P3,Q594,A13
P4,Q594,A24
P5,Q594,A28
P6,Q594,A13
P7,Q594,A12
P8,Q594,A24
P9,Q594,A10
P0,Q595,A28
P1,Q595,A27
P2,Q595,A12
P3,Q595,A28
P4,Q595,A28
P5,Q595,A28
P6,Q595,A10
P7,Q595,A12
P8,Q595,A12
P9,Q595,A12
P0,Q596,A27
P1,Q596,A28
P2,Q596,A27
P3,Q596,A9
P4,Q596,A12
P5,Q596,A27
P6,Q596,A27
P7,Q596,A27
P8,Q596,A27
P9,Q596,A14
P0,Q597,A28
P1,Q597,A28
P2,Q597,A28
P3,Q597,A28
P4,Q597,A28
P5,Q597,A28
P6,Q597,A13
P7,Q597,A28
P8,Q597,A28
P9,Q597,A28
P0,Q598,A6
P1,Q598,A0
P2,Q598,A5
P3,Q598,A3
P4,Q598,A4
P5,Q598,A4
P6,Q598,A3
P7,Q598,A4
P8,Q598,A6
P9,Q598,A4
P0,Q599,A6
P1,Q599,A8
P2,Q599,A21
P3,Q599,A21
P4,Q599,A22
P5,Q599,A6
P6,Q599,A3
P7,Q599,A21
P8,Q599,A21
P9,Q599,A11
P0,Q600,A28
P1,Q600,A12
P2,Q600,A27
P3,Q600,A27
P4,Q600,A24
P5,Q600,A13
P6,Q600,A24
P7,Q600,A13
P8,Q600,A13
P9,Q600,A28
P0,Q601,A12
P1,Q601,A25
P2,Q601,A13
P3,Q601,A28
P4,Q601,A13
P5,Q601,A13
P6,Q601,A9
P7,Q601,A13
P8,Q601,A13
P9,Q601,A28
P0,Q602,A6
P1,Q602,A6
P2,Q602,A6
P3,Q602,A6
P4,Q602,A6
P5,Q602,A6
P6,Q602,A21
P7,Q602,A6
P8,Q602,A6
P9,Q602,A21
P0,Q603,A8
P1,Q603,A8
P2,Q603,A20
P3,Q603,A20
P4,Q603,A8
P5,Q603,A8
P6,Q603,A21
P7,Q603,A18
P8,Q603,A18
P9,Q603,A18
P0,Q604,A23
P1,Q604,A23
P2,Q604,A23
P3,Q604,A23
P4,Q604,A23
P5,Q604,A23
P6,Q604,A23
P7,Q604,A23
P8,Q604,A23
P9,Q604,A23
P0,Q605,A23
P1,Q605,A23
P2,Q605,A23
P3,Q605,A23
P4,Q605,A19
P5,Q605,A0
P6,Q605,A1
P7,Q605,A23
P8,Q605,A19
P9,Q605,A23
P0,Q606,A23
P1,Q606,A23
P2,Q606,A22
P3,Q606,A8
P4,Q606,A22
P5,Q606,A22
P6,Q606,A22
P7,Q606,A22
P8,Q606,A22
P9,Q606,A22
P0,Q607,A23
P1,Q607,A7
P2,Q607,A22
P3,Q607,A0
P4,Q607,A22
P5,Q607,A22
P6,Q607,A0
P7,Q607,A23
P8,Q607,A23
P9,Q607,A22
P0,Q608,A6
P1,Q608,A6
P2,Q608,A6
P3,Q608,A6
P4,Q608,A6
P5,Q608,A8
P6,Q608,A6
P7,Q608,A8
P8,Q608,A8
P9,Q608,A2
P0,Q609,A23
P1,Q609,A7
P2,Q609,A8
P3,Q609,A8
P4,Q609,A23
P5,Q609,A8
P6,Q609,A0
P7,Q609,A8
P8,Q609,A8
P9,Q609,A8
P0,Q610,A21
P1,Q610,A5
P2,Q610,A21
P3,Q610,A5
P4,Q610,A20
P5,Q610,A21
P6,Q610,A15
P7,Q610,A5
P8,Q610,A21
P9,Q610,A20
P0,Q611,A21
P1,Q611,A19
P2,Q611,A17
P3,Q611,A21
P4,Q611,A17
P5,Q611,A17
P6,Q611,A15
P7,Q611,A17
P8,Q611,A17
P9,Q611,A21
P0,Q612,A8
P1,Q612,A4
P2,Q612,A4
P3,Q612,A8
P4,Q612,A23
P5,Q612,A4
P6,Q612,A8
P7,Q612,A23
P8,Q612,A4
P9,Q612,A19
P0,Q613,A4
P1,Q613,A15
P2,Q613,A4
P3,Q613,A4
P4,Q613,A4
P5,Q613,A4
P6,Q613,A4
P7,Q613,A4
P8,Q613,A4
P9,Q613,A19
P0,Q614,A23
P1,Q614,A8
P2,Q614,A8
P3,Q614,A23
P4,Q614,A23
P5,Q614,A6
P6,Q614,A6
P7,Q614,A23
P8,Q614,A23
P9,Q614,A6
P0,Q615,A8
P1,Q615,A23
P2,Q615,A23
P3,Q615,A8
P4,Q615,A23
P5,Q615,A23
P6,Q615,A8
P7,Q615,A7
P8,Q615,A23
P9,Q615,A20
P0,Q616,A0
P1,Q616,A19
P2,Q616,A0
P3,Q616,A5
P4,Q616,A5
P5,Q616,A5
P6,Q616,A5
P7,Q616,A0
P8,Q616,A0
P9,Q616,A0
P0,Q617,A8
P1,Q617,A19
P2,Q617,A19
P3,Q617,A19
P4,Q617,A4
P5,Q617,A19
P6,Q617,A19
P7,Q617,A19
P8,Q617,A19
P9,Q617,A4
P0,Q618,A12
P1,Q618,A27
P2,Q618,A9
P3,Q618,A9
P4,Q618,A9
P5,Q618,A12
P6,Q618,A9
P7,Q618,A12
P8,Q618,A9
P9,Q618,A12
P0,Q619,A27
P1,Q619,A24
P2,Q619,A27
P3,Q619,A27
P4,Q619,A28
P5,Q619,A10
P6,Q619,A27
P7,Q619,A27
P8,Q619,A27
P9,Q619,A27
P0,Q620,A6
P1,Q620,A13
P2,Q620,A10
P3,Q620,A10
P4,Q620,A13
P5,Q620,A25
P6,Q620,A9
P7,Q620,A10
P8,Q620,A25
P9,Q620,A25
P0,Q621,A21
P1,Q621,A21
P2,Q621,A21
P3,Q621,A21
P4,Q621,A8
P5,Q621,A21
P6,Q621,A21
P7,Q621,A21
P8,Q621,A21
P9,Q621,A8
P0,Q622,A21
P1,Q622,A5
P2,Q622,A2
P3,Q622,A2
P4,Q622,A2
P5,Q622,A17
P6,Q622,A2
P7,Q622,A2
P8,Q622,A2
P9,Q622,A2
P0,Q623,A8
P1,Q623,A8
P2,Q623,A23
P3,Q623,A8
P4,Q623,A20
P5,Q623,A1
P6,Q623,A18
P7,Q623,A20
P8,Q623,A20
P9,Q623,A20
P0,Q624,A21
P1,Q624,A15
P2,Q624,A15
P3,Q624,A15
P4,Q624,A17
P5,Q624,A17
P6,Q624,A17
P7,Q624,A15
P8,Q624,A0
P9,Q624,A17
P0,Q625,A21
P1,Q625,A21
P2,Q625,A21
P3,Q625,A21
P4,Q625,A21
P5,Q625,A21
P6,Q625,A21
P7,Q625,A21
P8,Q625,A21
P9,Q625,A21
P0,Q626,A6
P1,Q626,A6
P2,Q626,A6
P3,Q626,A6
P4,Q626,A12
P5,Q626,A6
P6,Q626,A6
P7,Q626,A6
P8,Q626,A6
P9,Q626,A6
P0,Q627,A6
P1,Q627,A21
P2,Q627,A21
P3,Q627,A21
P4,Q627,A21
P5,Q627,A6
P6,Q627,A21
P7,Q627,A21
P8,Q627,A21
P9,Q627,A6
P0,Q628,A6
P1,Q628,A21
P2,Q628,A6
P3,Q628,A15
P4,Q628,A1
P5,Q628,A21
P6,Q628,A15
P7,Q628,A15
P8,Q628,A15
P9,Q628,A15
P0,Q629,A6
P1,Q629,A6
P2,Q629,A6
P3,Q629,A6
P4,Q629,A23
P5,Q629,A6
P6,Q629,A6
P7,Q629,A6
P8,Q629,A6
P9,Q629,A6
P0,Q630,A10
P1,Q630,A12
P2,Q630,A10
P3,Q630,A10
P4,Q630,A10
P5,Q630,A10
P6,Q630,A25
P7,Q630,A10
P8,Q630,A10
P9,Q630,A10
P0,Q631,A21
P1,Q631,A21
P2,Q631,A21
P3,Q631,A21
P4,Q631,A13
P5,Q631,A21
P6,Q631,A6
P7,Q631,A21
P8,Q631,A21
P9,Q631,A21
P0,Q632,A23
P1,Q632,A7
P2,Q632,A8
P3,Q632,A23
P4,Q632,A8
P5,Q632,A7
P6,Q632,A23
P7,Q632,A8
P8,Q632,A7
P9,Q632,A8
P0,Q633,A8
P1,Q633,A23
P2,Q633,A8
P3,Q633,A8
P4,Q633,A8
P5,Q633,A8
P6,Q633,A8
P7,Q633,A8
P8,Q633,A8
P9,Q633,A8
P0,Q634,A6
P1,Q634,A21
P2,Q634,A21
P3,Q634,A6
P4,Q634,A6
P5,Q634,A6
P6,Q634,A6
P7,Q634,A6
P8,Q634,A6
P9,Q634,A6
P0,Q635,A21
P1,Q635,A21
P2,Q635,A21
P3,Q635,A21
P4,Q635,A21
P5,Q635,A21
P6,Q635,A6
P7,Q635,A21
P8,Q635,A21
P9,Q635,A21
P0,Q636,A6
P1,Q636,A21
P2,Q636,A21
P3,Q636,A21
P4,Q636,A6
P5,Q636,A6
P6,Q636,A6
P7,Q636,A21
P8,Q636,A6
P9,Q636,A18
P0,Q637,A6
P1,Q637,A21
P2,Q637,A6
P3,Q637,A6
P4,Q637,A6
P5,Q637,A6
P6,Q637,A6
P7,Q637,A6
P8,Q637,A6
P9,Q637,A6
P0,Q638,A8
P1,Q638,A23
P2,Q638,A8
P3,Q638,A8
P4,Q638,A8
P5,Q638,A8
P6,Q638,A20
P7,Q638,A8
P8,Q638,A8
P9,Q638,A8
P0,Q639,A6
P1,Q639,A6
P2,Q639,A6
P3,Q639,A6
P4,Q639,A6
P5,Q639,A6
P6,Q639,A6
P7,Q639,A18
P8,Q639,A6
P9,Q639,A8
P0,Q640,A8
P1,Q640,A21
P2,Q640,A20
P3,Q640,A20
P4,Q640,A6
P5,Q640,A5
P6,Q640,A6
P7,Q640,A20
P8,Q640,A20
P9,Q640,A26
P0,Q641,A23
P1,Q641,A23
P2,Q641,A8
P3,Q641,A8
P4,Q641,A8
P5,Q641,A23
P6,Q641,A6
P7,Q641,A8
P8,Q641,A6
P9,Q641,A6
P0,Q642,A23
P1,Q642,A23
P2,Q642,A8
P3,Q642,A8
P4,Q642,A8
P5,Q642,A8
P6,Q642,A23
P7,Q642,A8
P8,Q642,A8
P9,Q642,A8
P0,Q643,A23
P1,Q643,A23
P2,Q643,A8
P3,Q643,A23
P4,Q643,A8
P5,Q643,A8
P6,Q643,A8
P7,Q643,A8
P8,Q643,A23
P9,Q643,A8
P0,Q644,A8
P1,Q644,A0
P2,Q644,A8
P3,Q644,A8
P4,Q644,A19
P5,Q644,A4
P6,Q644,A8
P7,Q644,A8
P8,Q644,A8
P9,Q644,A8
P0,Q645,A23
P1,Q645,A23
P2,Q645,A23
P3,Q645,A23
P4,Q645,A23
P5,Q645,A8
P6,Q645,A7
P7,Q645,A23
P8,Q645,A23
P9,Q645,A23
P0,Q646,A0
P1,Q646,A15
P2,Q646,A0
P3,Q646,A0
P4,Q646,A0
P5,Q646,A0
P6,Q646,A0
P7,Q646,A0
P8,Q646,A0
P9,Q646,A0
P0,Q647,A0
P1,Q647,A19
P2,Q647,A0
P3,Q647,A0
P4,Q647,A0
P5,Q647,A0
P6,Q647,A19
P7,Q647,A4
P8,Q647,A0
P9,Q647,A15
P0,Q648,A0
P1,Q648,A0
P2,Q648,A0
P3,Q648,A0
P4,Q648,A0
P5,Q648,A0
P6,Q648,A21
P7,Q648,A0
P8,Q648,A0
P9,Q648,A0
P0,Q649,A23
P1,Q649,A0
P2,Q649,A1
P3,Q649,A23
P4,Q649,A1
P5,Q649,A1
P6,Q649,A1
P7,Q649,A1
P8,Q649,A1
P9,Q649,A1
P0,Q650,A0
P1,Q650,A0
P2,Q650,A0
P3,Q650,A0
P4,Q650,A0
P5,Q650,A0
P6,Q650,A0
P7,Q650,A0
P8,Q650,A0
P9,Q650,A0
P0,Q651,A12
P1,Q651,A12
P2,Q651,A9
P3,Q651,A12
P4,Q651,A12
P5,Q651,A12
P6,Q651,A9
P7,Q651,A9
P8,Q651,A12
P9,Q651,A12
P0,Q652,A12
P1,Q652,A12
P2,Q652,A12
P3,Q652,A9
P4,Q652,A28
P5,Q652,A28
P6,Q652,A12
P7,Q652,A28
P8,Q652,A28
P9,Q652,A13
P0,Q653,A28
P1,Q653,A13
P2,Q653,A12
P3,Q653,A24
P4,Q653,A13
P5,Q653,A12
P6,Q653,A24
P7,Q653,A24
P8,Q653,A12
P9,Q653,A13
P0,Q654,A23
P1,Q654,A23
P2,Q654,A23
P3,Q654,A23
P4,Q654,A23
P5,Q654,A23
P6,Q654,A23
P7,Q654,A23
P8,Q654,A23
P9,Q654,A23
P0,Q655,A6
P1,Q655,A21
P2,Q655,A6
P3,Q655,A6
P4,Q655,A6
P5,Q655,A6
P6,Q655,A6
P7,Q655,A21
P8,Q655,A6
P9,Q655,A6
P0,Q656,A23
P1,Q656,A22
P2,Q656,A22
P3,Q656,A22
P4,Q656,A7
P5,Q656,A7
P6,Q656,A0
P7,Q656,A7
P8,Q656,A7
P9,Q656,A7
P0,Q657,A8
P1,Q657,A22
P2,Q657,A22
P3,Q657,A8
P4,Q657,A22
P5,Q657,A22
P6,Q657,A4
P7,Q657,A22
P8,Q657,A22
P9,Q657,A22
P0,Q658,A23
P1,Q658,A23
P2,Q658,A22
P3,Q658,A8
P4,Q658,A23
P5,Q658,A22
P6,Q658,A22
P7,Q658,A8
P8,Q658,A8
P9,Q658,A23
P0,Q659,A23
P1,Q659,A23
P2,Q659,A23
P3,Q659,A23
P4,Q659,A23
P5,Q659,A23
P6,Q659,A23
P7,Q659,A23
P8,Q659,A23
P9,Q659,A23
P0,Q660,A21
P1,Q660,A21
P2,Q660,A21
P3,Q660,A21
P4,Q660,A21
P5,Q660,A21
P6,Q660,A16
P7,Q660,A21
P8,Q660,A21
P9,Q660,A14
P0,Q661,A19
P1,Q661,A21
P2,Q661,A23
P3,Q661,A19
P4,Q661,A8
P5,Q661,A23
P6,Q661,A21
P7,Q661,A16
P8,Q661,A8
P9,Q661,A16
P0,Q662,A19
P1,Q662,A19
P2,Q662,A5
P3,Q662,A5
P4,Q662,A19
P5,Q662,A5
P6,Q662,A5
P7,Q662,A5
P8,Q662,A5
P9,Q662,A21
P0,Q663,A6
P1,Q663,A8
P2,Q663,A6
P3,Q663,A23
P4,Q663,A23
P5,Q663,A6
P6,Q663,A1
P7,Q663,A23
P8,Q663,A23
P9,Q663,A6
P0,Q664,A8
P1,Q664,A23
P2,Q664,A8
P3,Q664,A23
P4,Q664,A8
P5,Q664,A8
P6,Q664,A1
P7,Q664,A7
P8,Q664,A8
P9,Q664,A8
P0,Q665,A28
P1,Q665,A12
P2,Q665,A28
P3,Q665,A9
P4,Q665,A28
P5,Q665,A28
P6,Q665,A12
P7,Q665,A9
P8,Q665,A9
P9,Q665,A24
P0,Q666,A28
P1,Q666,A12
P2,Q666,A24
P3,Q666,A28
P4,Q666,A28
P5,Q666,A28
P6,Q666,A9
P7,Q666,A28
P8,Q666,A28
P9,Q666,A28
P0,Q667,A12
P1,Q667,A12
P2,Q667,A24
P3,Q667,A12
P4,Q667,A12
P5,Q667,A12
P6,Q667,A24
P7,Q667,A12
P8,Q667,A12
P9,Q667,A12
P0,Q668,A6
P1,Q668,A8
P2,Q668,A8
P3,Q668,A6
P4,Q668,A8
P5,Q668,A8
P6,Q668,A1
P7,Q668,A18
P8,Q668,A8
P9,Q668,A8
P0,Q669,A6
P1,Q669,A6
P2,Q669,A20
P3,Q669,A6
P4,Q669,A3
P5,Q669,A6
P6,Q669,A22
P7,Q669,A3
P8,Q669,A20
P9,Q669,A6
P0,Q670,A23
P1,Q670,A8
P2,Q670,A23
P3,Q670,A23
P4,Q670,A23
P5,Q670,A23
P6,Q670,A0
P7,Q670,A8
P8,Q670,A23
P9,Q670,A23
P0,Q671,A23
P1,Q671,A8
P2,Q671,A16
P3,Q671,A16
P4,Q671,A22
P5,Q671,A15
P6,Q671,A16
P7,Q671,A1
P8,Q671,A1
P9,Q671,A1
P0,Q672,A0
P1,Q672,A0
P2,Q672,A21
P3,Q672,A0
P4,Q672,A0
P5,Q672,A5
P6,Q672,A21
P7,Q672,A0
P8,Q672,A0
P9,Q672,A0
P0,Q673,A16
P1,Q673,A0
P2,Q673,A1
P3,Q673,A16
P4,Q673,A22
P5,Q673,A16
P6,Q673,A1
P7,Q673,A1
P8,Q673,A1
P9,Q673,A16
P0,Q674,A25
P1,Q674,A12
P2,Q674,A25
P3,Q674,A25
P4,Q674,A13
P5,Q674,A13
P6,Q674,A12
P7,Q674,A25
P8,Q674,A25
P9,Q674,A13
P0,Q675,A13
P1,Q675,A13
P2,Q675,A13
P3,Q675,A13
P4,Q675,A13
P5,Q675,A13
P6,Q675,A13
P7,Q675,A13
P8,Q675,A13
P9,Q675,A13
P0,Q676,A12
P1,Q676,A12
P2,Q676,A12
P3,Q676,A12
P4,Q676,A27
P5,Q676,A27
P6,Q676,A12
P7,Q676,A12
P8,Q676,A12
P9,Q676,A28
P0,Q677,A21
P1,Q677,A6
P2,Q677,A21
P3,Q677,A6
P4,Q677,A6
P5,Q677,A6
P6,Q677,A6
P7,Q677,A21
P8,Q677,A21
P9,Q677,A21
P0,Q678,A6
P1,Q678,A23
P2,Q678,A8
P3,Q678,A8
P4,Q678,A8
P5,Q678,A8
P6,Q678,A6
P7,Q678,A8
P8,Q678,A8
P9,Q678,A8
P0,Q679,A4
P1,Q679,A19
P2,Q679,A4
P3,Q679,A4
P4,Q679,A4
P5,Q679,A4
P6,Q679,A3
P7,Q679,A4
P8,Q679,A4
P9,Q679,A10
P0,Q680,A0
P1,Q680,A0
P2,Q680,A0
P3,Q680,A0
P4,Q680,A0
P5,Q680,A0
P6,Q680,A0
P7,Q680,A0
P8,Q680,A0
P9,Q680,A0
P0,Q681,A15
P1,Q681,A15
P2,Q681,A15
P3,Q681,A15
P4,Q681,A15
P5,Q681,A15
P6,Q681,A15
P7,Q681,A15
P8,Q681,A15
P9,Q681,A15
P0,Q682,A0
P1,Q682,A15
P2,Q682,A0
P3,Q682,A0
P4,Q682,A0
P5,Q682,A0
P6,Q682,A0
P7,Q682,A0
P8,Q682,A0
P9,Q682,A0
P0,Q683,A6
P1,Q683,A4
P2,Q683,A6
P3,Q683,A6
P4,Q683,A16
P5,Q683,A16
P6,Q683,A6
P7,Q683,A6
P8,Q683,A1
P9,Q683,A16
P0,Q684,A15
P1,Q684,A0
P2,Q684,A15
P3,Q684,A0
P4,Q684,A15
P5,Q684,A15
P6,Q684,A15
P7,Q684,A0
P8,Q684,A15
P9,Q684,A0
P0,Q685,A6
P1,Q685,A15
P2,Q685,A15
P3,Q685,A15
P4,Q685,A15
P5,Q685,A15
P6,Q685,A15
P7,Q685,A15
P8,Q685,A15
P9,Q685,A15
P0,Q686,A23
P1,Q686,A7
P2,Q686,A22
P3,Q686,A23
P4,Q686,A22
P5,Q686,A1
P6,Q686,A1
P7,Q686,A22
P8,Q686,A22
P9,Q686,A16
P0,Q687,A21
P1,Q687,A6
P2,Q687,A16
P3,Q687,A6
P4,Q687,A16
P5,Q687,A21
P6,Q687,A1
P7,Q687,A21
P8,Q687,A16
P9,Q687,A21
P0,Q688,A9
P1,Q688,A9
P2,Q688,A9
P3,Q688,A9
P4,Q688,A13
P5,Q688,A21
P6,Q688,A6
P7,Q688,A9
P8,Q688,A9
P9,Q688,A17
P0,Q689,A12
P1,Q689,A12
P2,Q689,A12
P3,Q689,A12
P4,Q689,A12
P5,Q689,A24
P6,Q689,A12
P7,Q689,A12
P8,Q689,A12
P9,Q689,A12
P0,Q690,A13
P1,Q690,A9
P2,Q690,A13
P3,Q690,A13
P4,Q690,A28
P5,Q690,A28
P6,Q690,A10
P7,Q690,A10
P8,Q690,A13
P9,Q690,A28
P0,Q691,A12
P1,Q691,A12
P2,Q691,A12
P3,Q691,A12
P4,Q691,A27
P5,Q691,A24
P6,Q691,A12
P7,Q691,A12
P8,Q691,A12
P9,Q691,A27
P0,Q692,A9
P1,Q692,A13
P2,Q692,A12
P3,Q692,A12
P4,Q692,A9
P5,Q692,A9
P6,Q692,A9
P7,Q692,A12
P8,Q692,A12
P9,Q692,A9
P0,Q693,A28
P1,Q693,A12
P2,Q693,A27
P3,Q693,A28
P4,Q693,A12
P5,Q693,A25
P6,Q693,A24
P7,Q693,A27
P8,Q693,A27
P9,Q693,A29
P0,Q694,A6
P1,Q694,A6
P2,Q694,A21
P3,Q694,A21
P4,Q694,A13
P5,Q694,A28
P6,Q694,A13
P7,Q694,A13
P8,Q694,A13
P9,Q694,A28
P0,Q695,A28
P1,Q695,A28
P2,Q695,A24
P3,Q695,A24
P4,Q695,A24
P5,Q695,A24
P6,Q695,A13
P7,Q695,A24
P8,Q695,A28
P9,Q695,A28
P0,Q696,A25
P1,Q696,A24
P2,Q696,A28
P3,Q696,A25
P4,Q696,A28
P5,Q696,A28
P6,Q696,A25
P7,Q696,A28
P8,Q696,A28
P9,Q696,A28
P0,Q697,A27
P1,Q697,A24
P2,Q697,A24
P3,Q697,A10
P4,Q697,A10
P5,Q697,A27
P6,Q697,A27
P7,Q697,A28
P8,Q697,A10
P9,Q697,A28
P0,Q698,A21
P1,Q698,A6
P2,Q698,A21
P3,Q698,A21
P4,Q698,A23
P5,Q698,A6
P6,Q698,A6
P7,Q698,A6
P8,Q698,A6
P9,Q698,A21
P0,Q699,A21
P1,Q699,A8
P2,Q699,A23
P3,Q699,A20
P4,Q699,A21
P5,Q699,A16
P6,Q699,A21
P7,Q699,A16
P8,Q699,A23
P9,Q699,A20
P0,Q700,A28
P1,Q700,A13
P2,Q700,A13
P3,Q700,A24
P4,Q700,A13
P5,Q700,A24
P6,Q700,A10
P7,Q700,A13
P8,Q700,A9
P9,Q700,A24
P0,Q701,A12
P1,Q701,A24
P2,Q701,A24
P3,Q701,A12
P4,Q701,A9
P5,Q701,A24
P6,Q701,A12
P7,Q701,A12
P8,Q701,A12
P9,Q701,A24
P0,Q702,A25
P1,Q702,A12
P2,Q702,A27
P3,Q702,A27
P4,Q702,A28
P5,Q702,A25
P6,Q702,A25
P7,Q702,A13
P8,Q702,A25
P9,Q702,A11
P0,Q703,A0
P1,Q703,A23
P2,Q703,A0
P3,Q703,A0
P4,Q703,A22
P5,Q703,A7
P6,Q703,A0
P7,Q703,A22
P8,Q703,A7
P9,Q703,A7
P0,Q704,A23
P1,Q704,A23
P2,Q704,A23
P3,Q704,A23
P4,Q704,A22
P5,Q704,A7
P6,Q704,A8
P7,Q704,A23
P8,Q704,A23
P9,Q704,A7
P0,Q705,A23
P1,Q705,A23
P2,Q705,A23
P3,Q705,A23
P4,Q705,A23
P5,Q705,A8
P6,Q705,A8
P7,Q705,A23
P8,Q705,A8
P9,Q705,A23
P0,Q706,A8
P1,Q706,A8
P2,Q706,A23
P3,Q706,A23
P4,Q706,A8
P5,Q706,A8
P6,Q706,A23
P7,Q706,A23
P8,Q706,A23
P9,Q706,A21
P0,Q707,A23
P1,Q707,A7
P2,Q707,A23
P3,Q707,A23
P4,Q707,A23
P5,Q707,A23
P6,Q707,A23
P7,Q707,A23
P8,Q707,A23
P9,Q707,A23
P0,Q708,A6
P1,Q708,A23
P2,Q708,A8
P3,Q708,A6
P4,Q708,A22
P5,Q708,A1
P6,Q708,A6
P7,Q708,A6
P8,Q708,A1
P9,Q708,A1
P0,Q709,A23
P1,Q709,A23
P2,Q709,A23
P3,Q709,A23
P4,Q709,A23
P5,Q709,A23
P6,Q709,A23
P7,Q709,A23
P8,Q709,A23
P9,Q709,A4
P0,Q710,A6
P1,Q710,A6
P2,Q710,A6
P3,Q710,A6
P4,Q710,A23
P5,Q710,A6
P6,Q710,A3
P7,Q710,A21
P8,Q710,A21
P9,Q710,A21
P0,Q711,A21
P1,Q711,A21
P2,Q711,A21
P3,Q711,A21
P4,Q711,A17
P5,Q711,A21
P6,Q711,A5
P7,Q711,A21
P8,Q711,A21
P9,Q711,A21
P0,Q712,A6
P1,Q712,A19
P2,Q712,A0
P3,Q712,A19
P4,Q712,A4
P5,Q712,A4
P6,Q712,A6
P7,Q712,A4
P8,Q712,A4
P9,Q712,A27
P0,Q713,A4
P1,Q713,A15
P2,Q713,A19
P3,Q713,A19
P4,Q713,A4
P5,Q713,A4
P6,Q713,A4
P7,Q713,A4
P8,Q713,A19
P9,Q713,A19
P0,Q714,A19
P1,Q714,A19
P2,Q714,A19
P3,Q714,A19
P4,Q714,A19
P5,Q714,A19
P6,Q714,A19
P7,Q714,A19
P8,Q714,A19
P9,Q714,A19
P0,Q715,A8
P1,Q715,A20
P2,Q715,A8
P3,Q715,A8
P4,Q715,A6
P5,Q715,A8
P6,Q715,A8
P7,Q715,A8
P8,Q715,A8
P9,Q715,A2
P0,Q716,A15
P1,Q716,A8
P2,Q716,A4
P3,Q716,A4
P4,Q716,A23
P5,Q716,A4
P6,Q716,A15
P7,Q716,A4
P8,Q716,A4
P9,Q716,A6
P0,Q717,A8
P1,Q717,A4
P2,Q717,A20
P3,Q717,A4
P4,Q717,A28
P5,Q717,A6
P6,Q717,A20
P7,Q717,A1
P8,Q717,A4
P9,Q717,A22
P0,Q718,A12
P1,Q718,A12
P2,Q718,A12
P3,Q718,A12
P4,Q718,A12
P5,Q718,A12
P6,Q718,A9
P7,Q718,A12
P8,Q718,A12
P9,Q718,A12
P0,Q719,A13
P1,Q719,A12
P2,Q719,A28
P3,Q719,A28
P4,Q719,A28
P5,Q719,A28
P6,Q719,A13
P7,Q719,A1
P8,Q719,A28
P9,Q719,A28
P0,Q720,A13
P1,Q720,A12
P2,Q720,A13
P3,Q720,A13
P4,Q720,A13
P5,Q720,A13
P6,Q720,A13
P7,Q720,A9
P8,Q720,A13
P9,Q720,A25
P0,Q721,A6
P1,Q721,A6
P2,Q721,A3
P3,Q721,A6
P4,Q721,A6
P5,Q721,A6
P6,Q721,A6
P7,Q721,A3
P8,Q721,A6
P9,Q721,A16
P0,Q722,A6
P1,Q722,A21
P2,Q722,A21
P3,Q722,A6
P4,Q722,A21
P5,Q722,A6
P6,Q722,A6
P7,Q722,A21
P8,Q722,A21
P9,Q722,A15
P0,Q723,A15
P1,Q723,A15
P2,Q723,A15
P3,Q723,A15
P4,Q723,A23
P5,Q723,A15
P6,Q723,A15
P7,Q723,A21
P8,Q723,A15
P9,Q723,A15
P0,Q724,A23
P1,Q724,A8
P2,Q724,A23
P3,Q724,A8
P4,Q724,A23
P5,Q724,A8
P6,Q724,A1
P7,Q724,A23
P8,Q724,A23
P9,Q724,A3
P0,Q725,A8
P1,Q725,A8
P2,Q725,A8
P3,Q725,A8
P4,Q725,A8
P5,Q725,A8
P6,Q725,A6
P7,Q725,A6
P8,Q725,A8
P9,Q725,A8
P0,Q726,A21
P1,Q726,A6
P2,Q726,A21
P3,Q726,A21
P4,Q726,A21
P5,Q726,A21
P6,Q726,A16
P7,Q726,A6
P8,Q726,A6
P9,Q726,A21
P0,Q727,A21
P1,Q727,A21
P2,Q727,A21
P3,Q727,A21
P4,Q727,A21
P5,Q727,A6
P6,Q727,A2
P7,Q727,A6
P8,Q727,A21
P9,Q727,A21
P0,Q728,A6
P1,Q728,A21
P2,Q728,A21
P3,Q728,A21
P4,Q728,A21
P5,Q728,A21
P6,Q728,A17
P7,Q728,A21
P8,Q728,A21
P9,Q728,A21
P0,Q729,A21
P1,Q729,A21
P2,Q729,A21
P3,Q729,A21
P4,Q729,A21
P5,Q729,A21
P6,Q729,A0
P7,Q729,A21
P8,Q729,A21
P9,Q729,A21
P0,Q730,A28
P1,Q730,A12
P2,Q730,A13
P3,Q730,A13
P4,Q730,A13
P5,Q730,A13
P6,Q730,A10
P7,Q730,A13
P8,Q730,A28
P9,Q730,A12
P0,Q731,A23
P1,Q731,A8
P2,Q731,A23
P3,Q731,A23
P4,Q731,A18
P5,Q731,A23
P6,Q731,A5
P7,Q731,A23
P8,Q731,A23
P9,Q731,A23
P0,Q732,A9
P1,Q732,A13
P2,Q732,A9
P3,Q732,A9
P4,Q732,A24
P5,Q732,A24
P6,Q732,A9
P7,Q732,A27
P8,Q732,A27
P9,Q732,A24
P0,Q733,A8
P1,Q733,A8
P2,Q733,A23
P3,Q733,A8
P4,Q733,A8
P5,Q733,A8
P6,Q733,A1
P7,Q733,A23
P8,Q733,A23
P9,Q733,A8
P0,Q734,A15
P1,Q734,A24
P2,Q734,A6
P3,Q734,A21
P4,Q734,A16
P5,Q734,A15
P6,Q734,A15
P7,Q734,A21
P8,Q734,A6
P9,Q734,A15
P0,Q735,A5
P1,Q735,A5
P2,Q735,A5
P3,Q735,A5
P4,Q735,A4
P5,Q735,A5
P6,Q735,A9
P7,Q735,A20
P8,Q735,A5
P9,Q735,A19
P0,Q736,A21
P1,Q736,A6
P2,Q736,A21
P3,Q736,A21
P4,Q736,A21
P5,Q736,A21
P6,Q736,A21
P7,Q736,A21
P8,Q736,A21
P9,Q736,A5
P0,Q737,A23
P1,Q737,A0
P2,Q737,A0
P3,Q737,A0
P4,Q737,A0
P5,Q737,A23
P6,Q737,A0
P7,Q737,A0
P8,Q737,A0
P9,Q737,A0
P0,Q738,A6
P1,Q738,A6
P2,Q738,A6
P3,Q738,A6
P4,Q738,A6
P5,Q738,A6
P6,Q738,A6
P7,Q738,A6
P8,Q738,A6
P9,Q738,A6
P0,Q739,A6
P1,Q739,A8
P2,Q739,A5
P3,Q739,A21
P4,Q739,A22
P5,Q739,A21
P6,Q739,A6
P7,Q739,A3
P8,Q739,A22
P9,Q739,A22
P0,Q740,A23
P1,Q740,A8
P2,Q740,A8
P3,Q740,A8
P4,Q740,A8
P5,Q740,A8
P6,Q740,A8
P7,Q740,A8
P8,Q740,A8
P9,Q740,A4
P0,Q741,A23
P1,Q741,A23
P2,Q741,A23
P3,Q741,A23
P4,Q741,A23
P5,Q741,A8
P6,Q741,A23
P7,Q741,A23
P8,Q741,A23
P9,Q741,A8
P0,Q742,A5
P1,Q742,A2
P2,Q742,A19
P3,Q742,A5
P4,Q742,A5
P5,Q742,A5
P6,Q742,A1
P7,Q742,A2
P8,Q742,A5
P9,Q742,A5
P0,Q743,A23
P1,Q743,A23
P2,Q743,A8
P3,Q743,A23
P4,Q743,A23
P5,Q743,A23
P6,Q743,A23
P7,Q743,A23
P8,Q743,A23
P9,Q743,A8
P0,Q744,A23
P1,Q744,A23
P2,Q744,A8
P3,Q744,A8
P4,Q744,A8
P5,Q744,A8
P6,Q744,A23
P7,Q744,A20
P8,Q744,A8
P9,Q744,A8
P0,Q745,A23
P1,Q745,A23
P2,Q745,A23
P3,Q745,A23
P4,Q745,A23
P5,Q745,A23
P6,Q745,A23
P7,Q745,A23
P8,Q745,A23
P9,Q745,A23
P0,Q746,A23
P1,Q746,A0
P2,Q746,A0
P3,Q746,A0
P4,Q746,A0
P5,Q746,A0
P6,Q746,A0
P7,Q746,A0
P8,Q746,A0
P9,Q746,A0
P0,Q747,A0
P1,Q747,A15
P2,Q747,A5
P3,Q747,A0
P4,Q747,A5
P5,Q747,A5
P6,Q747,A0
P7,Q747,A5
P8,Q747,A5
P9,Q747,A0
P0,Q748,A23
P1,Q748,A0
P2,Q748,A0
P3,Q748,A23
P4,Q748,A0
P5,Q748,A0
P6,Q748,A0
P7,Q748,A0
P8,Q748,A23
P9,Q748,A0
P0,Q749,A21
P1,Q749,A15
P2,Q749,A6
P3,Q749,A21
P4,Q749,A5
P5,Q749,A15
P6,Q749,A21
P7,Q749,A0
P8,Q749,A0
P9,Q749,A0
P0,Q750,A5
P1,Q750,A15
P2,Q750,A5
P3,Q750,A5
P4,Q750,A5
P5,Q750,A5
P6,Q750,A5
P7,Q750,A5
P8,Q750,A5
P9,Q750,A5
P0,Q751,A12
P1,Q751,A12
P2,Q751,A9
P3,Q751,A9
P4,Q751,A9
P5,Q751,A12
P6,Q751,A9
P7,Q751,A12
P8,Q751,A9
P9,Q751,A9
P0,Q752,A12
P1,Q752,A13
P2,Q752,A9
P3,Q752,A12
P4,Q752,A10
P5,Q752,A12
P6,Q752,A9
P7,Q752,A9
P8,Q752,A9
P9,Q752,A10
P0,Q753,A21
P1,Q753,A21
P2,Q753,A21
P3,Q753,A21
P4,Q753,A21
P5,Q753,A24
P6,Q753,A21
P7,Q753,A21
P8,Q753,A21
P9,Q753,A4
P0,Q754,A6
P1,Q754,A8
P2,Q754,A16
P3,Q754,A23
P4,Q754,A16
P5,Q754,A22
P6,Q754,A8
P7,Q754,A16
P8,Q754,A16
P9,Q754,A16
P0,Q755,A8
P1,Q755,A7
P2,Q755,A7
P3,Q755,A8
P4,Q755,A22
P5,Q755,A7
P6,Q755,A8
P7,Q755,A7
P8,Q755,A7
P9,Q755,A23
P0,Q756,A0
P1,Q756,A0
P2,Q756,A7
P3,Q756,A4
P4,Q756,A22
P5,Q756,A22
P6,Q756,A7
P7,Q756,A22
P8,Q756,A22
P9,Q756,A4
P0,Q757,A23
P1,Q757,A0
P2,Q757,A1
P3,Q757,A16
P4,Q757,A22
P5,Q757,A5
P6,Q757,A0
P7,Q757,A0
P8,Q757,A0
P9,Q757,A1
P0,Q758,A23
P1,Q758,A23
P2,Q758,A7
P3,Q758,A8
P4,Q758,A7
P5,Q758,A7
P6,Q758,A8
P7,Q758,A8
P8,Q758,A8
P9,Q758,A7
P0,Q759,A23
P1,Q759,A23
P2,Q759,A0
P3,Q759,A22
P4,Q759,A23
P5,Q759,A22
P6,Q759,A0
P7,Q759,A23
P8,Q759,A23
P9,Q759,A8
P0,Q760,A0
P1,Q760,A8
P2,Q760,A0
P3,Q760,A0
P4,Q760,A22
P5,Q760,A0
P6,Q760,A0
P7,Q760,A0
P8,Q760,A0
P9,Q760,A22
P0,Q761,A8
P1,Q761,A0
P2,Q761,A8
P3,Q761,A8
P4,Q761,A0
P5,Q761,A8
P6,Q761,A17
P7,Q761,A8
P8,Q761,A8
P9,Q761,A15
P0,Q762,A8
P1,Q762,A6
P2,Q762,A8
P3,Q762,A8
P4,Q762,A8
P5,Q762,A8
P6,Q762,A2
P7,Q762,A8
P8,Q762,A8
P9,Q762,A8
P0,Q763,A6
P1,Q763,A6
P2,Q763,A6
P3,Q763,A1
P4,Q763,A29
P5,Q763,A6
P6,Q763,A1
P7,Q763,A10
P8,Q763,A6
P9,Q763,A29
P0,Q764,A6
P1,Q764,A13
P2,Q764,A11
P3,Q764,A13
P4,Q764,A13
P5,Q764,A13
P6,Q764,A26
P7,Q764,A11
P8,Q764,A11
P9,Q764,A11
P0,Q765,A12
P1,Q765,A25
P2,Q765,A12
P3,Q765,A12
P4,Q765,A12
P5,Q765,A12
P6,Q765,A13
P7,Q765,A13
P8,Q765,A12
P9,Q765,A12
P0,Q766,A9
P1,Q766,A12
P2,Q766,A9
P3,Q766,A12
P4,Q766,A12
P5,Q766,A9
P6,Q766,A12
P7,Q766,A27
P8,Q766,A12
P9,Q766,A27
P0,Q767,A12
P1,Q767,A12
P2,Q767,A12
P3,Q767,A12
P4,Q767,A12
P5,Q767,A10
P6,Q767,A12
P7,Q767,A24
P8,Q767,A24
P9,Q767,A10
P0,Q768,A6
P1,Q768,A6
P2,Q768,A6
P3,Q768,A6
P4,Q768,A18
P5,Q768,A6
P6,Q768,A3
P7,Q768,A6
P8,Q768,A6
P9,Q768,A18
P0,Q769,A6
P1,Q769,A23
P2,Q769,A7
P3,Q769,A8
P4,Q769,A7
P5,Q769,A7
P6,Q769,A1
P7,Q769,A8
P8,Q769,A7
P9,Q769,A7
P0,Q770,A21
P1,Q770,A6
P2,Q770,A21
P3,Q770,A21
P4,Q770,A21
P5,Q770,A21
P6,Q770,A16
P7,Q770,A21
P8,Q770,A21
P9,Q770,A2
P0,Q771,A23
P1,Q771,A7
P2,Q771,A0
P3,Q771,A23
P4,Q771,A22
P5,Q771,A1
P6,Q771,A0
P7,Q771,A0
P8,Q771,A0
P9,Q771,A16
P0,Q772,A16
P1,Q772,A0
P2,Q772,A20
P3,Q772,A16
P4,Q772,A7
P5,Q772,A1
P6,Q772,A16
P7,Q772,A20
P8,Q772,A1
P9,Q772,A1
P0,Q773,A13
P1,Q773,A24
P2,Q773,A13
P3,Q773,A13
P4,Q773,A13
P5,Q773,A13
P6,Q773,A9
P7,Q773,A13
P8,Q773,A15
P9,Q773,A15
P0,Q774,A12
P1,Q774,A25
P2,Q774,A25
P3,Q774,A25
P4,Q774,A28
P5,Q774,A25
P6,Q774,A25
P7,Q774,A25
P8,Q774,A25
P9,Q774,A25
P0,Q775,A9
P1,Q775,A27
P2,Q775,A9
P3,Q775,A9
P4,Q775,A9
P5,Q775,A12
P6,Q775,A9
P7,Q775,A9
P8,Q775,A9
P9,Q775,A13
P0,Q776,A5
P1,Q776,A15
P2,Q776,A19
P3,Q776,A5
P4,Q776,A5
P5,Q776,A5
P6,Q776,A5
P7,Q776,A5
P8,Q776,A5
P9,Q776,A5
P0,Q777,A20
P1,Q777,A21
P2,Q777,A20
P3,Q777,A8
P4,Q777,A8
P5,Q777,A2
P6,Q777,A19
P7,Q777,A8
P8,Q777,A8
P9,Q777,A5
P0,Q778,A4
P1,Q778,A4
P2,Q778,A4
P3,Q778,A4
P4,Q778,A4
P5,Q778,A4
P6,Q778,A19
P7,Q778,A4
P8,Q778,A4
P9,Q778,A8
P0,Q779,A21
P1,Q779,A17
P2,Q779,A27
P3,Q779,A21
P4,Q779,A19
P5,Q779,A17
P6,Q779,A6
P7,Q779,A27
P8,Q779,A20
P9,Q779,A20
P0,Q780,A6
P1,Q780,A21
P2,Q780,A21
P3,Q780,A21
P4,Q780,A21
P5,Q780,A6
P6,Q780,A5
P7,Q780,A6
P8,Q780,A21
P9,Q780,A21
P0,Q781,A15
P1,Q781,A0
P2,Q781,A15
P3,Q781,A15
P4,Q781,A15
P5,Q781,A15
P6,Q781,A15
P7,Q781,A15
P8,Q781,A15
P9,Q781,A15
P0,Q782,A6
P1,Q782,A21
P2,Q782,A21
P3,Q782,A21
P4,Q782,A21
P5,Q782,A21
P6,Q782,A1
P7,Q782,A21
P8,Q782,A21
P9,Q782,A21
P0,Q783,A6
P1,Q783,A21
P2,Q783,A6
P3,Q783,A21
P4,Q783,A6
P5,Q783,A6
P6,Q783,A2
P7,Q783,A6
P8,Q783,A6
P9,Q783,A6
P0,Q784,A21
P1,Q784,A19
P2,Q784,A21
P3,Q784,A21
P4,Q784,A17
P5,Q784,A17
P6,Q784,A2
P7,Q784,A21
P8,Q784,A17
P9,Q784,A17
P0,Q785,A21
P1,Q785,A21
P2,Q785,A21
P3,Q785,A21
P4,Q785,A21
P5,Q785,A15
P6,Q785,A15
P7,Q785,A21
P8,Q785,A21
P9,Q785,A5
P0,Q786,A16
P1,Q786,A4
P2,Q786,A16
P3,Q786,A16
P4,Q786,A20
P5,Q786,A16
P6,Q786,A16
P7,Q786,A16
P8,Q786,A16
P9,Q786,A16
P0,Q787,A21
P1,Q787,A6
P2,Q787,A20
P3,Q787,A20
P4,Q787,A20
P5,Q787,A20
P6,Q787,A16
P7,Q787,A3
P8,Q787,A21
P9,Q787,A16
P0,Q788,A6
P1,Q788,A21
P2,Q788,A21
P3,Q788,A21
P4,Q788,A24
P5,Q788,A4
P6,Q788,A10
P7,Q788,A6
P8,Q788,A6
P9,Q788,A11
P0,Q789,A28
P1,Q789,A12
P2,Q789,A28
P3,Q789,A28
P4,Q789,A28
P5,Q789,A28
P6,Q789,A28
P7,Q789,A28
P8,Q789,A28
P9,Q789,A28
P0,Q790,A12
P1,Q790,A12
P2,Q790,A12
P3,Q790,A12
P4,Q790,A12
P5,Q790,A9
P6,Q790,A28
P7,Q790,A10
P8,Q790,A9
P9,Q790,A29
P0,Q791,A27
P1,Q791,A12
P2,Q791,A27
P3,Q791,A24
P4,Q791,A12
P5,Q791,A27
P6,Q791,A24
P7,Q791,A24
P8,Q791,A27
P9,Q791,A27
P0,Q792,A9
P1,Q792,A5
P2,Q792,A5
P3,Q792,A9
P4,Q792,A5
P5,Q792,A5
P6,Q792,A9
P7,Q792,A24
P8,Q792,A9
P9,Q792,A5
P0,Q793,A28
P1,Q793,A12
P2,Q793,A28
P3,Q793,A28
P4,Q793,A28
P5,Q793,A28
P6,Q793,A27
P7,Q793,A27
P8,Q793,A28
P9,Q793,A27
P0,Q794,A28
P1,Q794,A6
P2,Q794,A6
P3,Q794,A21
P4,Q794,A28
P5,Q794,A21
P6,Q794,A13
P7,Q794,A28
P8,Q794,A5
P9,Q794,A25
P0,Q795,A28
P1,Q795,A12
P2,Q795,A24
P3,Q795,A24
P4,Q795,A28
P5,Q795,A28
P6,Q795,A12
P7,Q795,A12
P8,Q795,A13
P9,Q795,A12
P0,Q796,A27
P1,Q796,A9
P2,Q796,A27
P3,Q796,A12
P4,Q796,A24
P5,Q796,A27
P6,Q796,A13
P7,Q796,A12
P8,Q796,A24
P9,Q796,A29
P0,Q797,A28
P1,Q797,A13
P2,Q797,A13
P3,Q797,A13
P4,Q797,A28
P5,Q797,A13
P6,Q797,A13
P7,Q797,A13
P8,Q797,A13
P9,Q797,A24
P0,Q798,A23
P1,Q798,A8
P2,Q798,A8
P3,Q798,A8
P4,Q798,A8
P5,Q798,A8
P6,Q798,A6
P7,Q798,A4
P8,Q798,A23
P9,Q798,A8
P0,Q799,A6
P1,Q799,A23
P2,Q799,A8
P3,Q799,A21
P4,Q799,A22
P5,Q799,A8
P6,Q799,A21
P7,Q799,A20
P8,Q799,A22
P9,Q799,A8
P0,Q800,A25
P1,Q800,A12
P2,Q800,A10
P3,Q800,A10
P4,Q800,A24
P5,Q800,A25
P6,Q800,A13
P7,Q800,A24
P8,Q800,A25
P9,Q800,A10
P0,Q801,A12
P1,Q801,A12
P2,Q801,A12
P3,Q801,A12
P4,Q801,A12
P5,Q801,A12
P6,Q801,A12
P7,Q801,A12
P8,Q801,A12
P9,Q801,A9
P0,Q802,A23
P1,Q802,A23
P2,Q802,A23
P3,Q802,A8
P4,Q802,A23
P5,Q802,A8
P6,Q802,A6
P7,Q802,A21
P8,Q802,A23
P9,Q802,A8
P0,Q803,A6
P1,Q803,A8
P2,Q803,A23
P3,Q803,A8
P4,Q803,A23
P5,Q803,A8
P6,Q803,A6
P7,Q803,A23
P8,Q803,A8
P9,Q803,A23
P0,Q804,A23
P1,Q804,A8
P2,Q804,A23
P3,Q804,A23
P4,Q804,A8
P5,Q804,A23
P6,Q804,A23
P7,Q804,A23
P8,Q804,A23
P9,Q804,A8
P0,Q805,A23
P1,Q805,A8
P2,Q805,A8
P3,Q805,A8
P4,Q805,A8
P5,Q805,A8
P6,Q805,A6
P7,Q805,A6
P8,Q805,A8
P9,Q805,A8
P0,Q806,A8
P1,Q806,A23
P2,Q806,A8
P3,Q806,A23
P4,Q806,A23
P5,Q806,A8
P6,Q806,A8
P7,Q806,A23
P8,Q806,A23
P9,Q806,A7
P0,Q807,A8
P1,Q807,A8
P2,Q807,A23
P3,Q807,A23
P4,Q807,A23
P5,Q807,A23
P6,Q807,A8
P7,Q807,A23
P8,Q807,A23
P9,Q807,A23
P0,Q808,A23
P1,Q808,A0
P2,Q808,A23
P3,Q808,A23
P4,Q808,A23
P5,Q808,A22
P6,Q808,A7
P7,Q808,A23
P8,Q808,A23
P9,Q808,A0
P0,Q809,A23
P1,Q809,A23
P2,Q809,A23
P3,Q809,A23
P4,Q809,A23
P5,Q809,A23
P6,Q809,A23
P7,Q809,A22
P8,Q809,A23
P9,Q809,A23
