Q0,A13
Q1,A13
Q2,A13
Q3,A23
Q4,A23
Q5,A23
Q6,A23
Q7,A23
Q8,A23
Q9,A23
Q10,A23
Q11,A19
Q12,A19
Q13,A19
Q14,A19
Q15,A4
Q16,A4
Q17,A4
Q18,A10
Q19,A10
Q20,A10
Q21,A2
Q22,A2
Q23,A21
Q24,A21
Q25,A21
Q26,A21
Q27,A21
Q28,A21
Q29,A21
Q30,A21
Q31,A14
Q32,A6
Q33,A6
Q34,A6
Q35,A6
Q36,A6
Q37,A6
Q38,A6
Q39,A8
Q40,A8
Q41,A8
Q42,A8
Q43,A8
Q44,A8
Q45,A8
Q46,A8
Q47,A0
Q48,A0
Q49,A0
Q50,A0
Q51,A9
Q52,A9
Q53,A9
Q54,A22
Q55,A22
Q56,A22
Q57,A7
Q58,A7
Q59,A7
Q60,A20
Q61,A20
Q62,A20
Q63,A20
Q64,A20
Q65,A11
Q66,A12
Q67,A12
Q68,A12
Q69,A3
Q70,A17
Q71,A17
Q72,A1
Q73,A1
Q74,A1
Q75,A25
Q76,A25
Q77,A5
Q78,A5
Q79,A5
Q80,A5
Q81,A5
Q82,A15
Q83,A15
Q84,A15
Q85,A15
Q86,A16
Q87,A16
Q88,A16
Q89,A28
Q90,A28
Q91,A28
Q92,A27
Q93,A27
Q94,A27
Q95,A29
Q96,A24
Q97,A24
Q98,A24
Q99,A18
Q100,A13
Q101,A13
Q102,A13
Q103,A23
Q104,A23
Q105,A23
Q106,A23
Q107,A23
Q108,A23
Q109,A23
Q110,A23
Q111,A19
Q112,A19
Q113,A19
Q114,A19
Q115,A4
Q116,A4
Q117,A4
Q118,A10
Q119,A10
Q120,A10
Q121,A2
Q122,A2
Q123,A21
Q124,A21
Q125,A21
Q126,A21
Q127,A21
Q128,A21
Q129,A21
Q130,A21
Q131,A6
Q132,A6
Q133,A6
Q134,A6
Q135,A6
Q136,A6
Q137,A6
Q138,A6
Q139,A8
Q140,A8
Q141,A8
Q142,A8
Q143,A8
Q144,A8
Q145,A8
Q146,A8
Q147,A0
Q148,A0
Q149,A0
Q150,A0
Q151,A9
Q152,A9
Q153,A9
Q154,A22
Q155,A22
Q156,A22
Q157,A7
Q158,A7
Q159,A7
Q160,A20
Q161,A20
Q162,A20
Q163,A20
Q164,A20
Q165,A11
Q166,A12
Q167,A12
Q168,A12
Q169,A3
Q170,A17
Q171,A17
Q172,A1
Q173,A1
Q174,A1
Q175,A25
Q176,A25
Q177,A5
Q178,A5
Q179,A5
Q180,A5
Q181,A5
Q182,A15
Q183,A15
Q184,A15
Q185,A15
Q186,A16
Q187,A16
Q188,A16
Q189,A28
Q190,A28
Q191,A28
Q192,A27
Q193,A27
Q194,A27
Q195,A29
Q196,A24
Q197,A24
Q198,A24
Q199,A18
Q200,A13
Q201,A13
Q202,A13
Q203,A23
Q204,A23
Q205,A23
Q206,A23
Q207,A23
Q208,A23
Q209,A23
Q210,A23
Q211,A19
Q212,A19
Q213,A19
Q214,A19
Q215,A4
Q216,A4
Q217,A4
Q218,A10
Q219,A10
Q220,A10
Q221,A2
Q222,A2
Q223,A21
Q224,A21
Q225,A21
Q226,A21
Q227,A21
Q228,A21
Q229,A21
Q230,A14
Q231,A6
Q232,A6
Q233,A6
Q234,A6
Q235,A6
Q236,A6
Q237,A6
Q238,A6
Q239,A8
Q240,A8
Q241,A8
Q242,A8
Q243,A8
Q244,A8
Q245,A8
Q246,A8
Q247,A0
Q248,A0
Q249,A0
Q250,A0
Q251,A9
Q252,A9
Q253,A9
Q254,A22
Q255,A22
Q256,A22
Q257,A7
Q258,A7
Q259,A7
Q260,A20
Q261,A20
Q262,A20
Q263,A20
Q264,A20
Q265,A11
Q266,A12
Q267,A12
Q268,A3
Q269,A3
Q270,A17
Q271,A17
Q272,A1
Q273,A1
Q274,A1
Q275,A25
Q276,A25
Q277,A5
Q278,A5
Q279,A5
Q280,A5
Q281,A5
Q282,A15
Q283,A15
Q284,A15
Q285,A15
Q286,A16
Q287,A16
Q288,A16
Q289,A28
Q290,A28
Q291,A28
Q292,A27
Q293,A27
Q294,A27
Q295,A29
Q296,A24
Q297,A24
Q298,A18
Q299,A18
Q300,A13
Q301,A13
Q302,A13
Q303,A23
Q304,A23
Q305,A23
Q306,A23
Q307,A23
Q308,A23
Q309,A23
Q310,A23
Q311,A19
Q312,A19
Q313,A19
Q314,A19
Q315,A4
Q316,A4
Q317,A4
Q318,A10
Q319,A10
Q320,A10
Q321,A2
Q322,A2
Q323,A21
Q324,A21
Q325,A21
Q326,A21
Q327,A21
Q328,A21
Q329,A21
Q330,A14
Q331,A6
Q332,A6
Q333,A6
Q334,A6
Q335,A6
Q336,A6
Q337,A6
Q338,A6
Q339,A8
Q340,A8
Q341,A8
Q342,A8
Q343,A8
Q344,A8
Q345,A8
Q346,A8
Q347,A0
Q348,A0
Q349,A0
Q350,A0
Q351,A9
Q352,A9
Q353,A9
Q354,A22
Q355,A22
Q356,A22
Q357,A7
Q358,A7
Q359,A7
Q360,A20
Q361,A20
Q362,A20
Q363,A20
Q364,A20
Q365,A12
Q366,A12
Q367,A12
Q368,A3
Q369,A3
Q370,A17
Q371,A17
Q372,A1
Q373,A1
Q374,A25
Q375,A25
Q376,A25
Q377,A5
Q378,A5
Q379,A5
Q380,A5
Q381,A5
Q382,A15
Q383,A15
Q384,A15
Q385,A15
Q386,A16
Q387,A16
Q388,A16
Q389,A28
Q390,A28
Q391,A28
Q392,A27
Q393,A27
Q394,A27
Q395,A24
Q396,A24
Q397,A24
Q398,A18
Q399,A18
Q400,A13
Q401,A13
Q402,A13
Q403,A23
Q404,A23
Q405,A23
Q406,A23
Q407,A23
Q408,A23
Q409,A23
Q410,A23
Q411,A19
Q412,A19
Q413,A19
Q414,A4
Q415,A4
Q416,A4
Q417,A4
Q418,A10
Q419,A10
Q420,A26
Q421,A2
Q422,A2
Q423,A21
Q424,A21
Q425,A21
Q426,A21
Q427,A21
Q428,A21
Q429,A21
Q430,A14
Q431,A6
Q432,A6
Q433,A6
Q434,A6
Q435,A6
Q436,A6
Q437,A6
Q438,A6
Q439,A8
Q440,A8
Q441,A8
Q442,A8
Q443,A8
Q444,A8
Q445,A8
Q446,A8
Q447,A0
Q448,A0
Q449,A0
Q450,A0
Q451,A9
Q452,A9
Q453,A9
Q454,A22
Q455,A22
Q456,A22
Q457,A7
Q458,A7
Q459,A7
Q460,A20
Q461,A20
Q462,A20
Q463,A20
Q464,A20
Q465,A12
Q466,A12
Q467,A12
Q468,A3
Q469,A3
Q470,A17
Q471,A17
Q472,A1
Q473,A1
Q474,A25
Q475,A25
Q476,A25
Q477,A5
Q478,A5
Q479,A5
Q480,A5
Q481,A5
Q482,A15
Q483,A15
Q484,A15
Q485,A15
Q486,A16
Q487,A16
Q488,A16
Q489,A28
Q490,A28
Q491,A28
Q492,A27
Q493,A27
Q494,A29
Q495,A24
Q496,A24
Q497,A24
Q498,A18
Q499,A18
Q500,A13
Q501,A13
Q502,A13
Q503,A23
Q504,A23
Q505,A23
Q506,A23
Q507,A23
Q508,A23
Q509,A23
Q510,A23
Q511,A19
Q512,A19
Q513,A19
Q514,A4
Q515,A4
Q516,A4
Q517,A4
Q518,A10
Q519,A10
Q520,A26
Q521,A2
Q522,A2
Q523,A21
Q524,A21
Q525,A21
Q526,A21
Q527,A21
Q528,A21
Q529,A21
Q530,A14
Q531,A6
Q532,A6
Q533,A6
Q534,A6
Q535,A6
Q536,A6
Q537,A6
Q538,A6
Q539,A8
Q540,A8
Q541,A8
Q542,A8
Q543,A8
Q544,A8
Q545,A8
Q546,A8
Q547,A0
Q548,A0
Q549,A0
Q550,A0
Q551,A9
Q552,A9
Q553,A9
Q554,A22
Q555,A22
Q556,A22
Q557,A7
Q558,A7
Q559,A7
Q560,A20
Q561,A20
Q562,A20
Q563,A20
Q564,A20
Q565,A12
Q566,A12
Q567,A12
Q568,A3
Q569,A3
Q570,A17
Q571,A17
Q572,A1
Q573,A1
Q574,A25
Q575,A25
Q576,A25
Q577,A5
Q578,A5
Q579,A5
Q580,A5
Q581,A15
Q582,A15
Q583,A15
Q584,A15
Q585,A15
Q586,A16
Q587,A16
Q588,A16
Q589,A28
Q590,A28
Q591,A27
Q592,A27
Q593,A27
Q594,A29
Q595,A24
Q596,A24
Q597,A24
Q598,A18
Q599,A18
Q600,A13
Q601,A13
Q602,A13
Q603,A23
Q604,A23
Q605,A23
Q606,A23
Q607,A23
Q608,A23
Q609,A23
Q610,A23
Q611,A19
Q612,A19
Q613,A19
Q614,A4
Q615,A4
Q616,A4
Q617,A4
Q618,A10
Q619,A10
Q620,A26
Q621,A2
Q622,A2
Q623,A21
Q624,A21
Q625,A21
Q626,A21
Q627,A21
Q628,A21
Q629,A21
Q630,A14
Q631,A6
Q632,A6
Q633,A6
Q634,A6
Q635,A6
Q636,A6
Q637,A6
Q638,A8
Q639,A8
Q640,A8
Q641,A8
Q642,A8
Q643,A8
Q644,A8
Q645,A8
Q646,A0
Q647,A0
Q648,A0
Q649,A0
Q650,A0
Q651,A9
Q652,A9
Q653,A9
Q654,A22
Q655,A22
Q656,A22
Q657,A7
Q658,A7
Q659,A7
Q660,A20
Q661,A20
Q662,A20
Q663,A20
Q664,A20
Q665,A12
Q666,A12
Q667,A12
Q668,A3
Q669,A3
Q670,A17
Q671,A1
Q672,A1
Q673,A1
Q674,A25
Q675,A25
Q676,A25
Q677,A5
Q678,A5
Q679,A5
Q680,A5
Q681,A15
Q682,A15
Q683,A15
Q684,A15
Q685,A15
Q686,A16
Q687,A16
Q688,A28
Q689,A28
Q690,A28
Q691,A27
Q692,A27
Q693,A27
Q694,A29
Q695,A24
Q696,A24
Q697,A24
Q698,A18
Q699,A18
Q700,A13
Q701,A13
Q702,A13
Q703,A23
Q704,A23
Q705,A23
Q706,A23
Q707,A23
Q708,A23
Q709,A23
Q710,A23
Q711,A19
Q712,A19
Q713,A19
Q714,A4
Q715,A4
Q716,A4
Q717,A4
Q718,A10
Q719,A10
Q720,A26
Q721,A2
Q722,A21
Q723,A21
Q724,A21
Q725,A21
Q726,A21
Q727,A21
Q728,A21
Q729,A21
Q730,A14
Q731,A6
Q732,A6
Q733,A6
Q734,A6
Q735,A6
Q736,A6
Q737,A6
Q738,A8
Q739,A8
Q740,A8
Q741,A8
Q742,A8
Q743,A8
Q744,A8
Q745,A8
Q746,A0
Q747,A0
Q748,A0
Q749,A0
Q750,A0
Q751,A9
Q752,A9
Q753,A9
Q754,A22
Q755,A22
Q756,A22
Q757,A7
Q758,A7
Q759,A7
Q760,A20
Q761,A20
Q762,A20
Q763,A20
Q764,A11
Q765,A12
Q766,A12
Q767,A12
Q768,A3
Q769,A3
Q770,A17
Q771,A1
Q772,A1
Q773,A1
Q774,A25
Q775,A25
Q776,A5
Q777,A5
Q778,A5
Q779,A5
Q780,A5
Q781,A15
Q782,A15
Q783,A15
Q784,A15
Q785,A15
Q786,A16
Q787,A16
Q788,A28
Q789,A28
Q790,A28
Q791,A27
Q792,A27
Q793,A27
Q794,A29
Q795,A24
Q796,A24
Q797,A24
Q798,A18
Q799,A18
Q800,A13
Q801,A13
Q802,A23
Q803,A23
Q804,A23
Q805,A23
Q806,A23
Q807,A23
Q808,A23
Q809,A23
