Q0,A3
Q1,A3
Q2,A3
Q3,A3
Q4,A3
Q5,A3
Q6,A3
Q7,A3
Q8,A3
Q9,A3
Q10,A3
Q11,A3
Q12,A3
Q13,A3
Q14,A3
Q15,A3
Q16,A3
Q17,A3
Q18,A3
Q19,A3
Q20,A3
Q21,A3
Q22,A3
Q23,A3
Q24,A3
Q25,A3
Q26,A3
Q27,A3
Q28,A3
Q29,A3
Q30,A3
Q31,A3
Q32,A3
Q33,A3
Q34,A3
Q35,A3
Q36,A3
Q37,A3
Q38,A3
Q39,A3
Q40,A3
Q41,A3
Q42,A3
Q43,A3
Q44,A3
Q45,A3
Q46,A3
Q47,A3
Q48,A3
Q49,A3
Q50,A3
Q51,A3
Q52,A3
Q53,A3
Q54,A3
Q55,A3
Q56,A3
Q57,A3
Q58,A3
Q59,A3
Q60,A3
Q61,A3
Q62,A3
Q63,A3
Q64,A3
Q65,A3
Q66,A3
Q67,A3
Q68,A3
Q69,A3
Q70,A3
Q71,A3
Q72,A3
Q73,A3
Q74,A3
Q75,A3
Q76,A3
Q77,A3
Q78,A3
Q79,A3
Q80,A3
Q81,A3
Q82,A3
Q83,A3
Q84,A3
Q85,A3
Q86,A3
Q87,A3
Q88,A3
Q89,A3
Q90,A3
Q91,A3
Q92,A3
Q93,A3
Q94,A3
Q95,A3
Q96,A3
Q97,A3
Q98,A3
Q99,A3
Q100,A3
Q101,A3
Q102,A3
Q103,A3
Q104,A3
Q105,A3
Q106,A3
Q107,A3
Q108,A3
Q109,A3
Q110,A3
Q111,A3
Q112,A3
Q113,A3
Q114,A3
Q115,A3
Q116,A3
Q117,A3
Q118,A3
Q119,A3
Q120,A3
Q121,A3
Q122,A3
Q123,A3
Q124,A3
Q125,A3
Q126,A3
Q127,A3
Q128,A3
Q129,A3
Q130,A3
Q131,A3
Q132,A3
Q133,A3
Q134,A3
Q135,A3
Q136,A3
Q137,A3
Q138,A3
Q139,A3
Q140,A3
Q141,A3
Q142,A3
Q143,A3
Q144,A3
Q145,A3
Q146,A3
Q147,A3
Q148,A3
Q149,A3
Q150,A3
Q151,A3
Q152,A3
Q153,A3
Q154,A3
Q155,A3
Q156,A3
Q157,A3
Q158,A3
Q159,A3
Q160,A3
Q161,A3
Q162,A3
Q163,A3
Q164,A3
Q165,A3
Q166,A3
Q167,A3
Q168,A3
Q169,A3
Q170,A3
Q171,A3
Q172,A3
Q173,A3
Q174,A3
Q175,A3
Q176,A3
Q177,A3
Q178,A3
Q179,A3
Q180,A3
Q181,A3
Q182,A3
Q183,A3
Q184,A3
Q185,A3
Q186,A3
Q187,A3
Q188,A3
Q189,A3
Q190,A3
Q191,A3
Q192,A3
Q193,A3
Q194,A3
Q195,A3
Q196,A3
Q197,A3
Q198,A3
Q199,A3
Q200,A3
Q201,A3
Q202,A3
Q203,A3
Q204,A3
Q205,A3
Q206,A3
Q207,A3
Q208,A3
Q209,A3
Q210,A3
Q211,A3
Q212,A3
Q213,A3
Q214,A3
Q215,A3
Q216,A3
Q217,A3
Q218,A3
Q219,A3
Q220,A4
Q221,A4
Q222,A4
Q223,A4
Q224,A4
Q225,A4
Q226,A4
Q227,A4
Q228,A4
Q229,A4
Q230,A4
Q231,A4
Q232,A4
Q233,A4
Q234,A4
Q235,A4
Q236,A4
Q237,A4
Q238,A4
Q239,A4
Q240,A4
Q241,A4
Q242,A4
Q243,A4
Q244,A4
Q245,A4
Q246,A4
Q247,A4
Q248,A4
Q249,A4
Q250,A4
Q251,A4
Q252,A4
Q253,A4
Q254,A4
Q255,A4
Q256,A4
Q257,A4
Q258,A4
Q259,A4
Q260,A4
Q261,A4
Q262,A4
Q263,A4
Q264,A4
Q265,A4
Q266,A4
Q267,A4
Q268,A4
Q269,A4
Q270,A4
Q271,A4
Q272,A4
Q273,A4
Q274,A4
Q275,A4
Q276,A4
Q277,A4
Q278,A4
Q279,A4
Q280,A4
Q281,A4
Q282,A4
Q283,A4
Q284,A4
Q285,A4
Q286,A4
Q287,A4
Q288,A4
Q289,A4
Q290,A4
Q291,A4
Q292,A4
Q293,A4
Q294,A4
Q295,A4
Q296,A4
Q297,A4
Q298,A4
Q299,A4
Q300,A4
Q301,A4
Q302,A4
Q303,A4
Q304,A4
Q305,A4
Q306,A4
Q307,A4
Q308,A2
Q309,A2
Q310,A2
Q311,A2
Q312,A2
Q313,A2
Q314,A2
Q315,A2
Q316,A2
Q317,A2
Q318,A2
Q319,A2
Q320,A2
Q321,A2
Q322,A2
Q323,A2
Q324,A2
Q325,A2
Q326,A2
Q327,A2
Q328,A2
Q329,A2
Q330,A2
Q331,A2
Q332,A2
Q333,A2
Q334,A2
Q335,A2
Q336,A2
Q337,A2
Q338,A2
Q339,A2
Q340,A2
Q341,A2
Q342,A2
Q343,A2
Q344,A2
Q345,A2
Q346,A2
Q347,A2
Q348,A2
Q349,A2
Q350,A2
Q351,A2
Q352,A2
Q353,A2
Q354,A2
Q355,A2
Q356,A2
Q357,A2
Q358,A2
Q359,A2
Q360,A2
Q361,A2
Q362,A2
Q363,A2
Q364,A2
Q365,A2
Q366,A2
Q367,A2
Q368,A2
Q369,A2
Q370,A2
Q371,A2
Q372,A2
Q373,A2
Q374,A2
Q375,A2
Q376,A2
Q377,A2
Q378,A2
Q379,A2
Q380,A2
Q381,A2
Q382,A2
Q383,A2
Q384,A2
Q385,A2
Q386,A2
Q387,A2
Q388,A2
Q389,A2
Q390,A2
Q391,A2
Q392,A2
Q393,A2
Q394,A2
Q395,A2
Q396,A2
Q397,A2
Q398,A2
Q399,A2
Q400,A2
Q401,A2
Q402,A2
Q403,A2
Q404,A2
Q405,A2
Q406,A2
Q407,A2
Q408,A2
Q409,A2
Q410,A2
Q411,A2
Q412,A2
Q413,A2
Q414,A2
Q415,A2
Q416,A2
Q417,A2
Q418,A2
Q419,A2
Q420,A2
Q421,A2
Q422,A2
Q423,A2
Q424,A2
Q425,A2
Q426,A2
Q427,A2
Q428,A2
Q429,A2
Q430,A2
Q431,A2
Q432,A2
Q433,A2
Q434,A2
Q435,A2
Q436,A2
Q437,A2
Q438,A2
Q439,A2
Q440,A2
Q441,A2
Q442,A2
Q443,A2
Q444,A2
Q445,A2
Q446,A2
Q447,A2
Q448,A2
Q449,A2
Q450,A2
Q451,A2
Q452,A2
Q453,A2
Q454,A5
Q455,A5
Q456,A5
Q457,A5
Q458,A5
Q459,A5
Q460,A5
Q461,A5
Q462,A5
Q463,A5
Q464,A5
Q465,A5
Q466,A5
Q467,A5
Q468,A5
Q469,A5
Q470,A5
Q471,A1
Q472,A1
Q473,A1
Q474,A1
Q475,A1
Q476,A1
Q477,A1
Q478,A1
Q479,A1
Q480,A1
Q481,A1
Q482,A1
Q483,A1
Q484,A1
Q485,A1
Q486,A1
Q487,A1
Q488,A0
Q489,A0
Q490,A3
Q491,A3
Q492,A3
Q493,A3
Q494,A3
Q495,A3
Q496,A3
Q497,A3
Q498,A3
Q499,A3
Q500,A3
Q501,A3
Q502,A3
Q503,A3
Q504,A3
Q505,A3
Q506,A3
Q507,A3
Q508,A3
Q509,A3
Q510,A3
Q511,A3
Q512,A3
Q513,A3
Q514,A3
Q515,A3
Q516,A3
Q517,A3
Q518,A3
Q519,A3
Q520,A3
Q521,A3
Q522,A3
Q523,A3
Q524,A3
Q525,A3
Q526,A3
Q527,A3
Q528,A3
Q529,A3
Q530,A3
Q531,A3
Q532,A3
Q533,A3
Q534,A3
Q535,A3
Q536,A3
Q537,A3
Q538,A3
Q539,A3
Q540,A3
Q541,A3
Q542,A3
Q543,A3
Q544,A3
Q545,A3
Q546,A3
Q547,A3
Q548,A3
Q549,A3
Q550,A3
Q551,A3
Q552,A3
Q553,A3
Q554,A3
Q555,A3
Q556,A3
Q557,A3
Q558,A3
Q559,A3
Q560,A3
Q561,A3
Q562,A3
Q563,A3
Q564,A3
Q565,A3
Q566,A3
Q567,A3
Q568,A3
Q569,A3
Q570,A3
Q571,A3
Q572,A3
Q573,A3
Q574,A3
Q575,A3
Q576,A3
Q577,A3
Q578,A3
Q579,A3
Q580,A3
Q581,A3
Q582,A3
Q583,A3
Q584,A3
Q585,A3
Q586,A3
Q587,A3
Q588,A3
Q589,A3
Q590,A3
Q591,A3
Q592,A3
Q593,A3
Q594,A3
Q595,A3
Q596,A3
Q597,A3
Q598,A3
Q599,A3
Q600,A3
Q601,A3
Q602,A3
Q603,A3
Q604,A3
Q605,A3
Q606,A3
Q607,A3
Q608,A3
Q609,A3
Q610,A3
Q611,A3
Q612,A3
Q613,A3
Q614,A3
Q615,A3
Q616,A3
Q617,A3
Q618,A3
Q619,A3
Q620,A3
Q621,A3
Q622,A3
Q623,A3
Q624,A3
Q625,A3
Q626,A3
Q627,A3
Q628,A3
Q629,A3
Q630,A3
Q631,A3
Q632,A3
Q633,A3
Q634,A3
Q635,A3
Q636,A3
Q637,A3
Q638,A3
Q639,A3
Q640,A3
Q641,A3
Q642,A3
Q643,A3
Q644,A3
Q645,A3
Q646,A3
Q647,A3
Q648,A3
Q649,A3
Q650,A3
Q651,A3
Q652,A3
Q653,A3
Q654,A3
Q655,A3
Q656,A3
Q657,A3
Q658,A3
Q659,A3
Q660,A3
Q661,A3
Q662,A3
Q663,A3
Q664,A3
Q665,A3
Q666,A3
Q667,A3
Q668,A3
Q669,A3
Q670,A3
Q671,A3
Q672,A3
Q673,A3
Q674,A3
Q675,A3
Q676,A3
Q677,A3
Q678,A3
Q679,A3
Q680,A3
Q681,A3
Q682,A3
Q683,A3
Q684,A3
Q685,A3
Q686,A3
Q687,A3
Q688,A3
Q689,A3
Q690,A3
Q691,A3
Q692,A3
Q693,A3
Q694,A3
Q695,A3
Q696,A3
Q697,A3
Q698,A3
Q699,A3
Q700,A3
Q701,A3
Q702,A3
Q703,A3
Q704,A3
Q705,A3
Q706,A3
Q707,A3
Q708,A3
Q709,A3
Q710,A4
Q711,A4
Q712,A4
Q713,A4
Q714,A4
Q715,A4
Q716,A4
Q717,A4
Q718,A4
Q719,A4
Q720,A4
Q721,A4
Q722,A4
Q723,A4
Q724,A4
Q725,A4
Q726,A4
Q727,A4
Q728,A4
Q729,A4
Q730,A4
Q731,A4
Q732,A4
Q733,A4
Q734,A4
Q735,A4
Q736,A4
Q737,A4
Q738,A4
Q739,A4
Q740,A4
Q741,A4
Q742,A4
Q743,A4
Q744,A4
Q745,A4
Q746,A4
Q747,A4
Q748,A4
Q749,A4
Q750,A4
Q751,A4
Q752,A4
Q753,A4
Q754,A4
Q755,A4
Q756,A4
Q757,A4
Q758,A4
Q759,A4
Q760,A4
Q761,A4
Q762,A4
Q763,A4
Q764,A4
Q765,A4
Q766,A4
Q767,A4
Q768,A4
Q769,A4
Q770,A4
Q771,A4
Q772,A4
Q773,A4
Q774,A4
Q775,A4
Q776,A4
Q777,A4
Q778,A4
Q779,A4
Q780,A4
Q781,A4
Q782,A4
Q783,A4
Q784,A4
Q785,A4
Q786,A4
Q787,A4
Q788,A4
Q789,A4
Q790,A4
Q791,A4
Q792,A4
Q793,A4
Q794,A4
Q795,A4
Q796,A4
Q797,A4
Q798,A2
Q799,A2
Q800,A2
Q801,A2
Q802,A2
Q803,A2
Q804,A2
Q805,A2
Q806,A2
Q807,A2
Q808,A2
Q809,A2
Q810,A2
Q811,A2
Q812,A2
Q813,A2
Q814,A2
Q815,A2
Q816,A2
Q817,A2
Q818,A2
Q819,A2
Q820,A2
Q821,A2
Q822,A2
Q823,A2
Q824,A2
Q825,A2
Q826,A2
Q827,A2
Q828,A2
Q829,A2
Q830,A2
Q831,A2
Q832,A2
Q833,A2
Q834,A2
Q835,A2
Q836,A2
Q837,A2
Q838,A2
Q839,A2
Q840,A2
Q841,A2
Q842,A2
Q843,A2
Q844,A2
Q845,A2
Q846,A2
Q847,A2
Q848,A2
Q849,A2
Q850,A2
Q851,A2
Q852,A2
Q853,A2
Q854,A2
Q855,A2
Q856,A2
Q857,A2
Q858,A2
Q859,A2
Q860,A2
Q861,A2
Q862,A2
Q863,A2
Q864,A2
Q865,A2
Q866,A2
Q867,A2
Q868,A2
Q869,A2
Q870,A2
Q871,A2
Q872,A2
Q873,A2
Q874,A2
Q875,A2
Q876,A2
Q877,A2
Q878,A2
Q879,A2
Q880,A2
Q881,A2
Q882,A2
Q883,A2
Q884,A2
Q885,A2
Q886,A2
Q887,A2
Q888,A2
Q889,A2
Q890,A2
Q891,A2
Q892,A2
Q893,A2
Q894,A2
Q895,A2
Q896,A2
Q897,A2
Q898,A2
Q899,A2
Q900,A2
Q901,A2
Q902,A2
Q903,A2
Q904,A2
Q905,A2
Q906,A2
Q907,A2
Q908,A2
Q909,A2
Q910,A2
Q911,A2
Q912,A2
Q913,A2
Q914,A2
Q915,A2
Q916,A2
Q917,A2
Q918,A2
Q919,A2
Q920,A2
Q921,A2
Q922,A2
Q923,A2
Q924,A2
Q925,A2
Q926,A2
Q927,A2
Q928,A2
Q929,A2
Q930,A2
Q931,A2
Q932,A2
Q933,A2
Q934,A2
Q935,A2
Q936,A2
Q937,A2
Q938,A2
Q939,A2
Q940,A2
Q941,A2
Q942,A2
Q943,A2
Q944,A5
Q945,A5
Q946,A5
Q947,A5
Q948,A5
Q949,A5
Q950,A5
Q951,A5
Q952,A5
Q953,A5
Q954,A5
Q955,A5
Q956,A5
Q957,A5
Q958,A5
Q959,A5
Q960,A5
Q961,A1
Q962,A1
Q963,A1
Q964,A1
Q965,A1
Q966,A1
Q967,A1
Q968,A1
Q969,A1
Q970,A1
Q971,A1
Q972,A1
Q973,A1
Q974,A1
Q975,A1
Q976,A1
Q977,A1
Q978,A0
Q979,A0
Q980,A3
Q981,A3
Q982,A3
Q983,A3
Q984,A3
Q985,A3
Q986,A3
Q987,A3
Q988,A3
Q989,A3
Q990,A3
Q991,A3
Q992,A3
Q993,A3
Q994,A3
Q995,A3
Q996,A3
Q997,A3
Q998,A3
Q999,A3
Q1000,A3
Q1001,A3
Q1002,A3
Q1003,A3
Q1004,A3
Q1005,A3
Q1006,A3
Q1007,A3
Q1008,A3
Q1009,A3
Q1010,A3
Q1011,A3
Q1012,A3
Q1013,A3
Q1014,A3
Q1015,A3
Q1016,A3
Q1017,A3
Q1018,A3
Q1019,A3
Q1020,A3
Q1021,A3
Q1022,A3
Q1023,A3
Q1024,A3
Q1025,A3
Q1026,A3
Q1027,A3
Q1028,A3
Q1029,A3
Q1030,A3
Q1031,A3
Q1032,A3
Q1033,A3
Q1034,A3
Q1035,A3
Q1036,A3
Q1037,A3
Q1038,A3
Q1039,A3
Q1040,A3
Q1041,A3
Q1042,A3
Q1043,A3
Q1044,A3
Q1045,A3
Q1046,A3
Q1047,A3
Q1048,A3
Q1049,A3
Q1050,A3
Q1051,A3
Q1052,A3
Q1053,A3
Q1054,A3
Q1055,A3
Q1056,A3
Q1057,A3
Q1058,A3
Q1059,A3
Q1060,A3
Q1061,A3
Q1062,A3
Q1063,A3
Q1064,A3
Q1065,A3
Q1066,A3
Q1067,A3
Q1068,A3
Q1069,A3
Q1070,A3
Q1071,A3
Q1072,A3
Q1073,A3
Q1074,A3
Q1075,A3
Q1076,A3
Q1077,A3
Q1078,A3
Q1079,A3
Q1080,A3
Q1081,A3
Q1082,A3
Q1083,A3
Q1084,A3
Q1085,A3
Q1086,A3
Q1087,A3
Q1088,A3
Q1089,A3
Q1090,A3
Q1091,A3
Q1092,A3
Q1093,A3
Q1094,A3
Q1095,A3
Q1096,A3
Q1097,A3
Q1098,A3
Q1099,A3
Q1100,A3
Q1101,A3
Q1102,A3
Q1103,A3
Q1104,A3
Q1105,A3
Q1106,A3
Q1107,A3
Q1108,A3
Q1109,A3
Q1110,A3
Q1111,A3
Q1112,A3
Q1113,A3
Q1114,A3
Q1115,A3
Q1116,A3
Q1117,A3
Q1118,A3
Q1119,A3
Q1120,A3
Q1121,A3
Q1122,A3
Q1123,A3
Q1124,A3
Q1125,A3
Q1126,A3
Q1127,A3
Q1128,A3
Q1129,A3
Q1130,A3
Q1131,A3
Q1132,A3
Q1133,A3
Q1134,A3
Q1135,A3
Q1136,A3
Q1137,A3
Q1138,A3
Q1139,A3
Q1140,A3
Q1141,A3
Q1142,A3
Q1143,A3
Q1144,A3
Q1145,A3
Q1146,A3
Q1147,A3
Q1148,A3
Q1149,A3
Q1150,A3
Q1151,A3
Q1152,A3
Q1153,A3
Q1154,A3
Q1155,A3
Q1156,A3
Q1157,A3
Q1158,A3
Q1159,A3
Q1160,A3
Q1161,A3
Q1162,A3
Q1163,A3
Q1164,A3
Q1165,A3
Q1166,A3
Q1167,A3
Q1168,A3
Q1169,A3
Q1170,A3
Q1171,A3
Q1172,A3
Q1173,A3
Q1174,A3
Q1175,A3
Q1176,A3
Q1177,A3
Q1178,A3
Q1179,A3
Q1180,A3
Q1181,A3
Q1182,A3
Q1183,A3
Q1184,A3
Q1185,A3
Q1186,A3
Q1187,A3
Q1188,A3
Q1189,A3
Q1190,A3
Q1191,A3
Q1192,A3
Q1193,A3
Q1194,A3
Q1195,A3
Q1196,A3
Q1197,A3
Q1198,A3
Q1199,A3
Q1200,A4
Q1201,A4
Q1202,A4
Q1203,A4
Q1204,A4
Q1205,A4
Q1206,A4
Q1207,A4
Q1208,A4
Q1209,A4
Q1210,A4
Q1211,A4
Q1212,A4
Q1213,A4
Q1214,A4
Q1215,A4
Q1216,A4
Q1217,A4
Q1218,A4
Q1219,A4
Q1220,A4
Q1221,A4
Q1222,A4
Q1223,A4
Q1224,A4
Q1225,A4
Q1226,A4
Q1227,A4
Q1228,A4
Q1229,A4
Q1230,A4
Q1231,A4
Q1232,A4
Q1233,A4
Q1234,A4
Q1235,A4
Q1236,A4
Q1237,A4
Q1238,A4
Q1239,A4
Q1240,A4
Q1241,A4
Q1242,A4
Q1243,A4
Q1244,A4
Q1245,A4
Q1246,A4
Q1247,A4
Q1248,A4
Q1249,A4
Q1250,A4
Q1251,A4
Q1252,A4
Q1253,A4
Q1254,A4
Q1255,A4
Q1256,A4
Q1257,A4
Q1258,A4
Q1259,A4
Q1260,A4
Q1261,A4
Q1262,A4
Q1263,A4
Q1264,A4
Q1265,A4
Q1266,A4
Q1267,A4
Q1268,A4
Q1269,A4
Q1270,A4
Q1271,A4
Q1272,A4
Q1273,A4
Q1274,A4
Q1275,A4
Q1276,A4
Q1277,A4
Q1278,A4
Q1279,A4
Q1280,A4
Q1281,A4
Q1282,A4
Q1283,A4
Q1284,A4
Q1285,A4
Q1286,A4
Q1287,A4
Q1288,A2
Q1289,A2
Q1290,A2
Q1291,A2
Q1292,A2
Q1293,A2
Q1294,A2
Q1295,A2
Q1296,A2
Q1297,A2
Q1298,A2
Q1299,A2
Q1300,A2
Q1301,A2
Q1302,A2
Q1303,A2
Q1304,A2
Q1305,A2
Q1306,A2
Q1307,A2
Q1308,A2
Q1309,A2
Q1310,A2
Q1311,A2
Q1312,A2
Q1313,A2
Q1314,A2
Q1315,A2
Q1316,A2
Q1317,A2
Q1318,A2
Q1319,A2
Q1320,A2
Q1321,A2
Q1322,A2
Q1323,A2
Q1324,A2
Q1325,A2
Q1326,A2
Q1327,A2
Q1328,A2
Q1329,A2
Q1330,A2
Q1331,A2
Q1332,A2
Q1333,A2
Q1334,A2
Q1335,A2
Q1336,A2
Q1337,A2
Q1338,A2
Q1339,A2
Q1340,A2
Q1341,A2
Q1342,A2
Q1343,A2
Q1344,A2
Q1345,A2
Q1346,A2
Q1347,A2
Q1348,A2
Q1349,A2
Q1350,A2
Q1351,A2
Q1352,A2
Q1353,A2
Q1354,A2
Q1355,A2
Q1356,A2
Q1357,A2
Q1358,A2
Q1359,A2
Q1360,A2
Q1361,A2
Q1362,A2
Q1363,A2
Q1364,A2
Q1365,A2
Q1366,A2
Q1367,A2
Q1368,A2
Q1369,A2
Q1370,A2
Q1371,A2
Q1372,A2
Q1373,A2
Q1374,A2
Q1375,A2
Q1376,A2
Q1377,A2
Q1378,A2
Q1379,A2
Q1380,A2
Q1381,A2
Q1382,A2
Q1383,A2
Q1384,A2
Q1385,A2
Q1386,A2
Q1387,A2
Q1388,A2
Q1389,A2
Q1390,A2
Q1391,A2
Q1392,A2
Q1393,A2
Q1394,A2
Q1395,A2
Q1396,A2
Q1397,A2
Q1398,A2
Q1399,A2
Q1400,A2
Q1401,A2
Q1402,A2
Q1403,A2
Q1404,A2
Q1405,A2
Q1406,A2
Q1407,A2
Q1408,A2
Q1409,A2
Q1410,A2
Q1411,A2
Q1412,A2
Q1413,A2
Q1414,A2
Q1415,A2
Q1416,A2
Q1417,A2
Q1418,A2
Q1419,A2
Q1420,A2
Q1421,A2
Q1422,A2
Q1423,A2
Q1424,A2
Q1425,A2
Q1426,A2
Q1427,A2
Q1428,A2
Q1429,A2
Q1430,A2
Q1431,A2
Q1432,A2
Q1433,A2
Q1434,A5
Q1435,A5
Q1436,A5
Q1437,A5
Q1438,A5
Q1439,A5
Q1440,A5
Q1441,A5
Q1442,A5
Q1443,A5
Q1444,A5
Q1445,A5
Q1446,A5
Q1447,A5
Q1448,A5
Q1449,A5
Q1450,A5
Q1451,A1
Q1452,A1
Q1453,A1
Q1454,A1
Q1455,A1
Q1456,A1
Q1457,A1
Q1458,A1
Q1459,A1
Q1460,A1
Q1461,A1
Q1462,A1
Q1463,A1
Q1464,A1
Q1465,A1
Q1466,A1
Q1467,A0
Q1468,A0
Q1469,A6
Q1470,A3
Q1471,A3
Q1472,A3
Q1473,A3
Q1474,A3
Q1475,A3
Q1476,A3
Q1477,A3
Q1478,A3
Q1479,A3
Q1480,A3
Q1481,A3
Q1482,A3
Q1483,A3
Q1484,A3
Q1485,A3
Q1486,A3
Q1487,A3
Q1488,A3
Q1489,A3
Q1490,A3
Q1491,A3
Q1492,A3
Q1493,A3
Q1494,A3
Q1495,A3
Q1496,A3
Q1497,A3
Q1498,A3
Q1499,A3
Q1500,A3
Q1501,A3
Q1502,A3
Q1503,A3
Q1504,A3
Q1505,A3
Q1506,A3
Q1507,A3
Q1508,A3
Q1509,A3
Q1510,A3
Q1511,A3
Q1512,A3
Q1513,A3
Q1514,A3
Q1515,A3
Q1516,A3
Q1517,A3
Q1518,A3
Q1519,A3
Q1520,A3
Q1521,A3
Q1522,A3
Q1523,A3
Q1524,A3
Q1525,A3
Q1526,A3
Q1527,A3
Q1528,A3
Q1529,A3
Q1530,A3
Q1531,A3
Q1532,A3
Q1533,A3
Q1534,A3
Q1535,A3
Q1536,A3
Q1537,A3
Q1538,A3
Q1539,A3
Q1540,A3
Q1541,A3
Q1542,A3
Q1543,A3
Q1544,A3
Q1545,A3
Q1546,A3
Q1547,A3
Q1548,A3
Q1549,A3
Q1550,A3
Q1551,A3
Q1552,A3
Q1553,A3
Q1554,A3
Q1555,A3
Q1556,A3
Q1557,A3
Q1558,A3
Q1559,A3
Q1560,A3
Q1561,A3
Q1562,A3
Q1563,A3
Q1564,A3
Q1565,A3
Q1566,A3
Q1567,A3
Q1568,A3
Q1569,A3
Q1570,A3
Q1571,A3
Q1572,A3
Q1573,A3
Q1574,A3
Q1575,A3
Q1576,A3
Q1577,A3
Q1578,A3
Q1579,A3
Q1580,A3
Q1581,A3
Q1582,A3
Q1583,A3
Q1584,A3
Q1585,A3
Q1586,A3
Q1587,A3
Q1588,A3
Q1589,A3
Q1590,A3
Q1591,A3
Q1592,A3
Q1593,A3
Q1594,A3
Q1595,A3
Q1596,A3
Q1597,A3
Q1598,A3
Q1599,A3
Q1600,A3
Q1601,A3
Q1602,A3
Q1603,A3
Q1604,A3
Q1605,A3
Q1606,A3
Q1607,A3
Q1608,A3
Q1609,A3
Q1610,A3
Q1611,A3
Q1612,A3
Q1613,A3
Q1614,A3
Q1615,A3
Q1616,A3
Q1617,A3
Q1618,A3
Q1619,A3
Q1620,A3
Q1621,A3
Q1622,A3
Q1623,A3
Q1624,A3
Q1625,A3
Q1626,A3
Q1627,A3
Q1628,A3
Q1629,A3
Q1630,A3
Q1631,A3
Q1632,A3
Q1633,A3
Q1634,A3
Q1635,A3
Q1636,A3
Q1637,A3
Q1638,A3
Q1639,A3
Q1640,A3
Q1641,A3
Q1642,A3
Q1643,A3
Q1644,A3
Q1645,A3
Q1646,A3
Q1647,A3
Q1648,A3
Q1649,A3
Q1650,A3
Q1651,A3
Q1652,A3
Q1653,A3
Q1654,A3
Q1655,A3
Q1656,A3
Q1657,A3
Q1658,A3
Q1659,A3
Q1660,A3
Q1661,A3
Q1662,A3
Q1663,A3
Q1664,A3
Q1665,A3
Q1666,A3
Q1667,A3
Q1668,A3
Q1669,A3
Q1670,A3
Q1671,A3
Q1672,A3
Q1673,A3
Q1674,A3
Q1675,A3
Q1676,A3
Q1677,A3
Q1678,A3
Q1679,A3
Q1680,A3
Q1681,A3
Q1682,A3
Q1683,A3
Q1684,A3
Q1685,A3
Q1686,A3
Q1687,A3
Q1688,A3
Q1689,A3
Q1690,A4
Q1691,A4
Q1692,A4
Q1693,A4
Q1694,A4
Q1695,A4
Q1696,A4
Q1697,A4
Q1698,A4
Q1699,A4
Q1700,A4
Q1701,A4
Q1702,A4
Q1703,A4
Q1704,A4
Q1705,A4
Q1706,A4
Q1707,A4
Q1708,A4
Q1709,A4
Q1710,A4
Q1711,A4
Q1712,A4
Q1713,A4
Q1714,A4
Q1715,A4
Q1716,A4
Q1717,A4
Q1718,A4
Q1719,A4
Q1720,A4
Q1721,A4
Q1722,A4
Q1723,A4
Q1724,A4
Q1725,A4
Q1726,A4
Q1727,A4
Q1728,A4
Q1729,A4
Q1730,A4
Q1731,A4
Q1732,A4
Q1733,A4
Q1734,A4
Q1735,A4
Q1736,A4
Q1737,A4
Q1738,A4
Q1739,A4
Q1740,A4
Q1741,A4
Q1742,A4
Q1743,A4
Q1744,A4
Q1745,A4
Q1746,A4
Q1747,A4
Q1748,A4
Q1749,A4
Q1750,A4
Q1751,A4
Q1752,A4
Q1753,A4
Q1754,A4
Q1755,A4
Q1756,A4
Q1757,A4
Q1758,A4
Q1759,A4
Q1760,A4
Q1761,A4
Q1762,A4
Q1763,A4
Q1764,A4
Q1765,A4
Q1766,A4
Q1767,A4
Q1768,A4
Q1769,A4
Q1770,A4
Q1771,A4
Q1772,A4
Q1773,A4
Q1774,A4
Q1775,A4
Q1776,A4
Q1777,A4
Q1778,A2
Q1779,A2
Q1780,A2
Q1781,A2
Q1782,A2
Q1783,A2
Q1784,A2
Q1785,A2
Q1786,A2
Q1787,A2
Q1788,A2
Q1789,A2
Q1790,A2
Q1791,A2
Q1792,A2
Q1793,A2
Q1794,A2
Q1795,A2
Q1796,A2
Q1797,A2
Q1798,A2
Q1799,A2
Q1800,A2
Q1801,A2
Q1802,A2
Q1803,A2
Q1804,A2
Q1805,A2
Q1806,A2
Q1807,A2
Q1808,A2
Q1809,A2
Q1810,A2
Q1811,A2
Q1812,A2
Q1813,A2
Q1814,A2
Q1815,A2
Q1816,A2
Q1817,A2
Q1818,A2
Q1819,A2
Q1820,A2
Q1821,A2
Q1822,A2
Q1823,A2
Q1824,A2
Q1825,A2
Q1826,A2
Q1827,A2
Q1828,A2
Q1829,A2
Q1830,A2
Q1831,A2
Q1832,A2
Q1833,A2
Q1834,A2
Q1835,A2
Q1836,A2
Q1837,A2
Q1838,A2
Q1839,A2
Q1840,A2
Q1841,A2
Q1842,A2
Q1843,A2
Q1844,A2
Q1845,A2
Q1846,A2
Q1847,A2
Q1848,A2
Q1849,A2
Q1850,A2
Q1851,A2
Q1852,A2
Q1853,A2
Q1854,A2
Q1855,A2
Q1856,A2
Q1857,A2
Q1858,A2
Q1859,A2
Q1860,A2
Q1861,A2
Q1862,A2
Q1863,A2
Q1864,A2
Q1865,A2
Q1866,A2
Q1867,A2
Q1868,A2
Q1869,A2
Q1870,A2
Q1871,A2
Q1872,A2
Q1873,A2
Q1874,A2
Q1875,A2
Q1876,A2
Q1877,A2
Q1878,A2
Q1879,A2
Q1880,A2
Q1881,A2
Q1882,A2
Q1883,A2
Q1884,A2
Q1885,A2
Q1886,A2
Q1887,A2
Q1888,A2
Q1889,A2
Q1890,A2
Q1891,A2
Q1892,A2
Q1893,A2
Q1894,A2
Q1895,A2
Q1896,A2
Q1897,A2
Q1898,A2
Q1899,A2
Q1900,A2
Q1901,A2
Q1902,A2
Q1903,A2
Q1904,A2
Q1905,A2
Q1906,A2
Q1907,A2
Q1908,A2
Q1909,A2
Q1910,A2
Q1911,A2
Q1912,A2
Q1913,A2
Q1914,A2
Q1915,A2
Q1916,A2
Q1917,A2
Q1918,A2
Q1919,A2
Q1920,A2
Q1921,A2
Q1922,A2
Q1923,A2
Q1924,A5
Q1925,A5
Q1926,A5
Q1927,A5
Q1928,A5
Q1929,A5
Q1930,A5
Q1931,A5
Q1932,A5
Q1933,A5
Q1934,A5
Q1935,A5
Q1936,A5
Q1937,A5
Q1938,A5
Q1939,A5
Q1940,A5
Q1941,A1
Q1942,A1
Q1943,A1
Q1944,A1
Q1945,A1
Q1946,A1
Q1947,A1
Q1948,A1
Q1949,A1
Q1950,A1
Q1951,A1
Q1952,A1
Q1953,A1
Q1954,A1
Q1955,A1
Q1956,A1
Q1957,A0
Q1958,A0
Q1959,A6
Q1960,A3
Q1961,A3
Q1962,A3
Q1963,A3
Q1964,A3
Q1965,A3
Q1966,A3
Q1967,A3
Q1968,A3
Q1969,A3
Q1970,A3
Q1971,A3
Q1972,A3
Q1973,A3
Q1974,A3
Q1975,A3
Q1976,A3
Q1977,A3
Q1978,A3
Q1979,A3
Q1980,A3
Q1981,A3
Q1982,A3
Q1983,A3
Q1984,A3
Q1985,A3
Q1986,A3
Q1987,A3
Q1988,A3
Q1989,A3
Q1990,A3
Q1991,A3
Q1992,A3
Q1993,A3
Q1994,A3
Q1995,A3
Q1996,A3
Q1997,A3
Q1998,A3
Q1999,A3
Q2000,A3
Q2001,A3
Q2002,A3
Q2003,A3
Q2004,A3
Q2005,A3
Q2006,A3
Q2007,A3
Q2008,A3
Q2009,A3
Q2010,A3
Q2011,A3
Q2012,A3
Q2013,A3
Q2014,A3
Q2015,A3
Q2016,A3
Q2017,A3
Q2018,A3
Q2019,A3
Q2020,A3
Q2021,A3
Q2022,A3
Q2023,A3
Q2024,A3
Q2025,A3
Q2026,A3
Q2027,A3
Q2028,A3
Q2029,A3
Q2030,A3
Q2031,A3
Q2032,A3
Q2033,A3
Q2034,A3
Q2035,A3
Q2036,A3
Q2037,A3
Q2038,A3
Q2039,A3
Q2040,A3
Q2041,A3
Q2042,A3
Q2043,A3
Q2044,A3
Q2045,A3
Q2046,A3
Q2047,A3
Q2048,A3
Q2049,A3
Q2050,A3
Q2051,A3
Q2052,A3
Q2053,A3
Q2054,A3
Q2055,A3
Q2056,A3
Q2057,A3
Q2058,A3
Q2059,A3
Q2060,A3
Q2061,A3
Q2062,A3
Q2063,A3
Q2064,A3
Q2065,A3
Q2066,A3
Q2067,A3
Q2068,A3
Q2069,A3
Q2070,A3
Q2071,A3
Q2072,A3
Q2073,A3
Q2074,A3
Q2075,A3
Q2076,A3
Q2077,A3
Q2078,A3
Q2079,A3
Q2080,A3
Q2081,A3
Q2082,A3
Q2083,A3
Q2084,A3
Q2085,A3
Q2086,A3
Q2087,A3
Q2088,A3
Q2089,A3
Q2090,A3
Q2091,A3
Q2092,A3
Q2093,A3
Q2094,A3
Q2095,A3
Q2096,A3
Q2097,A3
Q2098,A3
Q2099,A3
Q2100,A3
Q2101,A3
Q2102,A3
Q2103,A3
Q2104,A3
Q2105,A3
Q2106,A3
Q2107,A3
Q2108,A3
Q2109,A3
Q2110,A3
Q2111,A3
Q2112,A3
Q2113,A3
Q2114,A3
Q2115,A3
Q2116,A3
Q2117,A3
Q2118,A3
Q2119,A3
Q2120,A3
Q2121,A3
Q2122,A3
Q2123,A3
Q2124,A3
Q2125,A3
Q2126,A3
Q2127,A3
Q2128,A3
Q2129,A3
Q2130,A3
Q2131,A3
Q2132,A3
Q2133,A3
Q2134,A3
Q2135,A3
Q2136,A3
Q2137,A3
Q2138,A3
Q2139,A3
Q2140,A3
Q2141,A3
Q2142,A3
Q2143,A3
Q2144,A3
Q2145,A3
Q2146,A3
Q2147,A3
Q2148,A3
Q2149,A3
Q2150,A3
Q2151,A3
Q2152,A3
Q2153,A3
Q2154,A3
Q2155,A3
Q2156,A3
Q2157,A3
Q2158,A3
Q2159,A3
Q2160,A3
Q2161,A3
Q2162,A3
Q2163,A3
Q2164,A3
Q2165,A3
Q2166,A3
Q2167,A3
Q2168,A3
Q2169,A3
Q2170,A3
Q2171,A3
Q2172,A3
Q2173,A3
Q2174,A3
Q2175,A3
Q2176,A3
Q2177,A3
Q2178,A3
Q2179,A3
Q2180,A4
Q2181,A4
Q2182,A4
Q2183,A4
Q2184,A4
Q2185,A4
Q2186,A4
Q2187,A4
Q2188,A4
Q2189,A4
Q2190,A4
Q2191,A4
Q2192,A4
Q2193,A4
Q2194,A4
Q2195,A4
Q2196,A4
Q2197,A4
Q2198,A4
Q2199,A4
Q2200,A4
Q2201,A4
Q2202,A4
Q2203,A4
Q2204,A4
Q2205,A4
Q2206,A4
Q2207,A4
Q2208,A4
Q2209,A4
Q2210,A4
Q2211,A4
Q2212,A4
Q2213,A4
Q2214,A4
Q2215,A4
Q2216,A4
Q2217,A4
Q2218,A4
Q2219,A4
Q2220,A4
Q2221,A4
Q2222,A4
Q2223,A4
Q2224,A4
Q2225,A4
Q2226,A4
Q2227,A4
Q2228,A4
Q2229,A4
Q2230,A4
Q2231,A4
Q2232,A4
Q2233,A4
Q2234,A4
Q2235,A4
Q2236,A4
Q2237,A4
Q2238,A4
Q2239,A4
Q2240,A4
Q2241,A4
Q2242,A4
Q2243,A4
Q2244,A4
Q2245,A4
Q2246,A4
Q2247,A4
Q2248,A4
Q2249,A4
Q2250,A4
Q2251,A4
Q2252,A4
Q2253,A4
Q2254,A4
Q2255,A4
Q2256,A4
Q2257,A4
Q2258,A4
Q2259,A4
Q2260,A4
Q2261,A4
Q2262,A4
Q2263,A4
Q2264,A4
Q2265,A4
Q2266,A4
Q2267,A4
Q2268,A2
Q2269,A2
Q2270,A2
Q2271,A2
Q2272,A2
Q2273,A2
Q2274,A2
Q2275,A2
Q2276,A2
Q2277,A2
Q2278,A2
Q2279,A2
Q2280,A2
Q2281,A2
Q2282,A2
Q2283,A2
Q2284,A2
Q2285,A2
Q2286,A2
Q2287,A2
Q2288,A2
Q2289,A2
Q2290,A2
Q2291,A2
Q2292,A2
Q2293,A2
Q2294,A2
Q2295,A2
Q2296,A2
Q2297,A2
Q2298,A2
Q2299,A2
Q2300,A2
Q2301,A2
Q2302,A2
Q2303,A2
Q2304,A2
Q2305,A2
Q2306,A2
Q2307,A2
Q2308,A2
Q2309,A2
Q2310,A2
Q2311,A2
Q2312,A2
Q2313,A2
Q2314,A2
Q2315,A2
Q2316,A2
Q2317,A2
Q2318,A2
Q2319,A2
Q2320,A2
Q2321,A2
Q2322,A2
Q2323,A2
Q2324,A2
Q2325,A2
Q2326,A2
Q2327,A2
Q2328,A2
Q2329,A2
Q2330,A2
Q2331,A2
Q2332,A2
Q2333,A2
Q2334,A2
Q2335,A2
Q2336,A2
Q2337,A2
Q2338,A2
Q2339,A2
Q2340,A2
Q2341,A2
Q2342,A2
Q2343,A2
Q2344,A2
Q2345,A2
Q2346,A2
Q2347,A2
Q2348,A2
Q2349,A2
Q2350,A2
Q2351,A2
Q2352,A2
Q2353,A2
Q2354,A2
Q2355,A2
Q2356,A2
Q2357,A2
Q2358,A2
Q2359,A2
Q2360,A2
Q2361,A2
Q2362,A2
Q2363,A2
Q2364,A2
Q2365,A2
Q2366,A2
Q2367,A2
Q2368,A2
Q2369,A2
Q2370,A2
Q2371,A2
Q2372,A2
Q2373,A2
Q2374,A2
Q2375,A2
Q2376,A2
Q2377,A2
Q2378,A2
Q2379,A2
Q2380,A2
Q2381,A2
Q2382,A2
Q2383,A2
Q2384,A2
Q2385,A2
Q2386,A2
Q2387,A2
Q2388,A2
Q2389,A2
Q2390,A2
Q2391,A2
Q2392,A2
Q2393,A2
Q2394,A2
Q2395,A2
Q2396,A2
Q2397,A2
Q2398,A2
Q2399,A2
Q2400,A2
Q2401,A2
Q2402,A2
Q2403,A2
Q2404,A2
Q2405,A2
Q2406,A2
Q2407,A2
Q2408,A2
Q2409,A2
Q2410,A2
Q2411,A2
Q2412,A2
Q2413,A5
Q2414,A5
Q2415,A5
Q2416,A5
Q2417,A5
Q2418,A5
Q2419,A5
Q2420,A5
Q2421,A5
Q2422,A5
Q2423,A5
Q2424,A5
Q2425,A5
Q2426,A5
Q2427,A5
Q2428,A5
Q2429,A5
Q2430,A5
Q2431,A1
Q2432,A1
Q2433,A1
Q2434,A1
Q2435,A1
Q2436,A1
Q2437,A1
Q2438,A1
Q2439,A1
Q2440,A1
Q2441,A1
Q2442,A1
Q2443,A1
Q2444,A1
Q2445,A1
Q2446,A1
Q2447,A0
Q2448,A0
Q2449,A6
Q2450,A3
Q2451,A3
Q2452,A3
Q2453,A3
Q2454,A3
Q2455,A3
Q2456,A3
Q2457,A3
Q2458,A3
Q2459,A3
Q2460,A3
Q2461,A3
Q2462,A3
Q2463,A3
Q2464,A3
Q2465,A3
Q2466,A3
Q2467,A3
Q2468,A3
Q2469,A3
Q2470,A3
Q2471,A3
Q2472,A3
Q2473,A3
Q2474,A3
Q2475,A3
Q2476,A3
Q2477,A3
Q2478,A3
Q2479,A3
Q2480,A3
Q2481,A3
Q2482,A3
Q2483,A3
Q2484,A3
Q2485,A3
Q2486,A3
Q2487,A3
Q2488,A3
Q2489,A3
Q2490,A3
Q2491,A3
Q2492,A3
Q2493,A3
Q2494,A3
Q2495,A3
Q2496,A3
Q2497,A3
Q2498,A3
Q2499,A3
Q2500,A3
Q2501,A3
Q2502,A3
Q2503,A3
Q2504,A3
Q2505,A3
Q2506,A3
Q2507,A3
Q2508,A3
Q2509,A3
Q2510,A3
Q2511,A3
Q2512,A3
Q2513,A3
Q2514,A3
Q2515,A3
Q2516,A3
Q2517,A3
Q2518,A3
Q2519,A3
Q2520,A3
Q2521,A3
Q2522,A3
Q2523,A3
Q2524,A3
Q2525,A3
Q2526,A3
Q2527,A3
Q2528,A3
Q2529,A3
Q2530,A3
Q2531,A3
Q2532,A3
Q2533,A3
Q2534,A3
Q2535,A3
Q2536,A3
Q2537,A3
Q2538,A3
Q2539,A3
Q2540,A3
Q2541,A3
Q2542,A3
Q2543,A3
Q2544,A3
Q2545,A3
Q2546,A3
Q2547,A3
Q2548,A3
Q2549,A3
Q2550,A3
Q2551,A3
Q2552,A3
Q2553,A3
Q2554,A3
Q2555,A3
Q2556,A3
Q2557,A3
Q2558,A3
Q2559,A3
Q2560,A3
Q2561,A3
Q2562,A3
Q2563,A3
Q2564,A3
Q2565,A3
Q2566,A3
Q2567,A3
Q2568,A3
Q2569,A3
Q2570,A3
Q2571,A3
Q2572,A3
Q2573,A3
Q2574,A3
Q2575,A3
Q2576,A3
Q2577,A3
Q2578,A3
Q2579,A3
Q2580,A3
Q2581,A3
Q2582,A3
Q2583,A3
Q2584,A3
Q2585,A3
Q2586,A3
Q2587,A3
Q2588,A3
Q2589,A3
Q2590,A3
Q2591,A3
Q2592,A3
Q2593,A3
Q2594,A3
Q2595,A3
Q2596,A3
Q2597,A3
Q2598,A3
Q2599,A3
Q2600,A3
Q2601,A3
Q2602,A3
Q2603,A3
Q2604,A3
Q2605,A3
Q2606,A3
Q2607,A3
Q2608,A3
Q2609,A3
Q2610,A3
Q2611,A3
Q2612,A3
Q2613,A3
Q2614,A3
Q2615,A3
Q2616,A3
Q2617,A3
Q2618,A3
Q2619,A3
Q2620,A3
Q2621,A3
Q2622,A3
Q2623,A3
Q2624,A3
Q2625,A3
Q2626,A3
Q2627,A3
Q2628,A3
Q2629,A3
Q2630,A3
Q2631,A3
Q2632,A3
Q2633,A3
Q2634,A3
Q2635,A3
Q2636,A3
Q2637,A3
Q2638,A3
Q2639,A3
Q2640,A3
Q2641,A3
Q2642,A3
Q2643,A3
Q2644,A3
Q2645,A3
Q2646,A3
Q2647,A3
Q2648,A3
Q2649,A3
Q2650,A3
Q2651,A3
Q2652,A3
Q2653,A3
Q2654,A3
Q2655,A3
Q2656,A3
Q2657,A3
Q2658,A3
Q2659,A3
Q2660,A3
Q2661,A3
Q2662,A3
Q2663,A3
Q2664,A3
Q2665,A3
Q2666,A3
Q2667,A3
Q2668,A3
Q2669,A3
Q2670,A4
Q2671,A4
Q2672,A4
Q2673,A4
Q2674,A4
Q2675,A4
Q2676,A4
Q2677,A4
Q2678,A4
Q2679,A4
Q2680,A4
Q2681,A4
Q2682,A4
Q2683,A4
Q2684,A4
Q2685,A4
Q2686,A4
Q2687,A4
Q2688,A4
Q2689,A4
Q2690,A4
Q2691,A4
Q2692,A4
Q2693,A4
Q2694,A4
Q2695,A4
Q2696,A4
Q2697,A4
Q2698,A4
Q2699,A4
Q2700,A4
Q2701,A4
Q2702,A4
Q2703,A4
Q2704,A4
Q2705,A4
Q2706,A4
Q2707,A4
Q2708,A4
Q2709,A4
Q2710,A4
Q2711,A4
Q2712,A4
Q2713,A4
Q2714,A4
Q2715,A4
Q2716,A4
Q2717,A4
Q2718,A4
Q2719,A4
Q2720,A4
Q2721,A4
Q2722,A4
Q2723,A4
Q2724,A4
Q2725,A4
Q2726,A4
Q2727,A4
Q2728,A4
Q2729,A4
Q2730,A4
Q2731,A4
Q2732,A4
Q2733,A4
Q2734,A4
Q2735,A4
Q2736,A4
Q2737,A4
Q2738,A4
Q2739,A4
Q2740,A4
Q2741,A4
Q2742,A4
Q2743,A4
Q2744,A4
Q2745,A4
Q2746,A4
Q2747,A4
Q2748,A4
Q2749,A4
Q2750,A4
Q2751,A4
Q2752,A4
Q2753,A4
Q2754,A4
Q2755,A4
Q2756,A4
Q2757,A4
Q2758,A2
Q2759,A2
Q2760,A2
Q2761,A2
Q2762,A2
Q2763,A2
Q2764,A2
Q2765,A2
Q2766,A2
Q2767,A2
Q2768,A2
Q2769,A2
Q2770,A2
Q2771,A2
Q2772,A2
Q2773,A2
Q2774,A2
Q2775,A2
Q2776,A2
Q2777,A2
Q2778,A2
Q2779,A2
Q2780,A2
Q2781,A2
Q2782,A2
Q2783,A2
Q2784,A2
Q2785,A2
Q2786,A2
Q2787,A2
Q2788,A2
Q2789,A2
Q2790,A2
Q2791,A2
Q2792,A2
Q2793,A2
Q2794,A2
Q2795,A2
Q2796,A2
Q2797,A2
Q2798,A2
Q2799,A2
Q2800,A2
Q2801,A2
Q2802,A2
Q2803,A2
Q2804,A2
Q2805,A2
Q2806,A2
Q2807,A2
Q2808,A2
Q2809,A2
Q2810,A2
Q2811,A2
Q2812,A2
Q2813,A2
Q2814,A2
Q2815,A2
Q2816,A2
Q2817,A2
Q2818,A2
Q2819,A2
Q2820,A2
Q2821,A2
Q2822,A2
Q2823,A2
Q2824,A2
Q2825,A2
Q2826,A2
Q2827,A2
Q2828,A2
Q2829,A2
Q2830,A2
Q2831,A2
Q2832,A2
Q2833,A2
Q2834,A2
Q2835,A2
Q2836,A2
Q2837,A2
Q2838,A2
Q2839,A2
Q2840,A2
Q2841,A2
Q2842,A2
Q2843,A2
Q2844,A2
Q2845,A2
Q2846,A2
Q2847,A2
Q2848,A2
Q2849,A2
Q2850,A2
Q2851,A2
Q2852,A2
Q2853,A2
Q2854,A2
Q2855,A2
Q2856,A2
Q2857,A2
Q2858,A2
Q2859,A2
Q2860,A2
Q2861,A2
Q2862,A2
Q2863,A2
Q2864,A2
Q2865,A2
Q2866,A2
Q2867,A2
Q2868,A2
Q2869,A2
Q2870,A2
Q2871,A2
Q2872,A2
Q2873,A2
Q2874,A2
Q2875,A2
Q2876,A2
Q2877,A2
Q2878,A2
Q2879,A2
Q2880,A2
Q2881,A2
Q2882,A2
Q2883,A2
Q2884,A2
Q2885,A2
Q2886,A2
Q2887,A2
Q2888,A2
Q2889,A2
Q2890,A2
Q2891,A2
Q2892,A2
Q2893,A2
Q2894,A2
Q2895,A2
Q2896,A2
Q2897,A2
Q2898,A2
Q2899,A2
Q2900,A2
Q2901,A2
Q2902,A2
Q2903,A5
Q2904,A5
Q2905,A5
Q2906,A5
Q2907,A5
Q2908,A5
Q2909,A5
Q2910,A5
Q2911,A5
Q2912,A5
Q2913,A5
Q2914,A5
Q2915,A5
Q2916,A5
Q2917,A5
Q2918,A5
Q2919,A5
Q2920,A5
Q2921,A1
Q2922,A1
Q2923,A1
Q2924,A1
Q2925,A1
Q2926,A1
Q2927,A1
Q2928,A1
Q2929,A1
Q2930,A1
Q2931,A1
Q2932,A1
Q2933,A1
Q2934,A1
Q2935,A1
Q2936,A1
Q2937,A0
Q2938,A0
Q2939,A6
Q2940,A3
Q2941,A3
Q2942,A3
Q2943,A3
Q2944,A3
Q2945,A3
Q2946,A3
Q2947,A3
Q2948,A3
Q2949,A3
Q2950,A3
Q2951,A3
Q2952,A3
Q2953,A3
Q2954,A3
Q2955,A3
Q2956,A3
Q2957,A3
Q2958,A3
Q2959,A3
Q2960,A3
Q2961,A3
Q2962,A3
Q2963,A3
Q2964,A3
Q2965,A3
Q2966,A3
Q2967,A3
Q2968,A3
Q2969,A3
Q2970,A3
Q2971,A3
Q2972,A3
Q2973,A3
Q2974,A3
Q2975,A3
Q2976,A3
Q2977,A3
Q2978,A3
Q2979,A3
Q2980,A3
Q2981,A3
Q2982,A3
Q2983,A3
Q2984,A3
Q2985,A3
Q2986,A3
Q2987,A3
Q2988,A3
Q2989,A3
Q2990,A3
Q2991,A3
Q2992,A3
Q2993,A3
Q2994,A3
Q2995,A3
Q2996,A3
Q2997,A3
Q2998,A3
Q2999,A3
Q3000,A3
Q3001,A3
Q3002,A3
Q3003,A3
Q3004,A3
Q3005,A3
Q3006,A3
Q3007,A3
Q3008,A3
Q3009,A3
Q3010,A3
Q3011,A3
Q3012,A3
Q3013,A3
Q3014,A3
Q3015,A3
Q3016,A3
Q3017,A3
Q3018,A3
Q3019,A3
Q3020,A3
Q3021,A3
Q3022,A3
Q3023,A3
Q3024,A3
Q3025,A3
Q3026,A3
Q3027,A3
Q3028,A3
Q3029,A3
Q3030,A3
Q3031,A3
Q3032,A3
Q3033,A3
Q3034,A3
Q3035,A3
Q3036,A3
Q3037,A3
Q3038,A3
Q3039,A3
Q3040,A3
Q3041,A3
Q3042,A3
Q3043,A3
Q3044,A3
Q3045,A3
Q3046,A3
Q3047,A3
Q3048,A3
Q3049,A3
Q3050,A3
Q3051,A3
Q3052,A3
Q3053,A3
Q3054,A3
Q3055,A3
Q3056,A3
Q3057,A3
Q3058,A3
Q3059,A3
Q3060,A3
Q3061,A3
Q3062,A3
Q3063,A3
Q3064,A3
Q3065,A3
Q3066,A3
Q3067,A3
Q3068,A3
Q3069,A3
Q3070,A3
Q3071,A3
Q3072,A3
Q3073,A3
Q3074,A3
Q3075,A3
Q3076,A3
Q3077,A3
Q3078,A3
Q3079,A3
Q3080,A3
Q3081,A3
Q3082,A3
Q3083,A3
Q3084,A3
Q3085,A3
Q3086,A3
Q3087,A3
Q3088,A3
Q3089,A3
Q3090,A3
Q3091,A3
Q3092,A3
Q3093,A3
Q3094,A3
Q3095,A3
Q3096,A3
Q3097,A3
Q3098,A3
Q3099,A3
Q3100,A3
Q3101,A3
Q3102,A3
Q3103,A3
Q3104,A3
Q3105,A3
Q3106,A3
Q3107,A3
Q3108,A3
Q3109,A3
Q3110,A3
Q3111,A3
Q3112,A3
Q3113,A3
Q3114,A3
Q3115,A3
Q3116,A3
Q3117,A3
Q3118,A3
Q3119,A3
Q3120,A3
Q3121,A3
Q3122,A3
Q3123,A3
Q3124,A3
Q3125,A3
Q3126,A3
Q3127,A3
Q3128,A3
Q3129,A3
Q3130,A3
Q3131,A3
Q3132,A3
Q3133,A3
Q3134,A3
Q3135,A3
Q3136,A3
Q3137,A3
Q3138,A3
Q3139,A3
Q3140,A3
Q3141,A3
Q3142,A3
Q3143,A3
Q3144,A3
Q3145,A3
Q3146,A3
Q3147,A3
Q3148,A3
Q3149,A3
Q3150,A3
Q3151,A3
Q3152,A3
Q3153,A3
Q3154,A3
Q3155,A3
Q3156,A3
Q3157,A3
Q3158,A3
Q3159,A3
Q3160,A4
Q3161,A4
Q3162,A4
Q3163,A4
Q3164,A4
Q3165,A4
Q3166,A4
Q3167,A4
Q3168,A4
Q3169,A4
Q3170,A4
Q3171,A4
Q3172,A4
Q3173,A4
Q3174,A4
Q3175,A4
Q3176,A4
Q3177,A4
Q3178,A4
Q3179,A4
Q3180,A4
Q3181,A4
Q3182,A4
Q3183,A4
Q3184,A4
Q3185,A4
Q3186,A4
Q3187,A4
Q3188,A4
Q3189,A4
Q3190,A4
Q3191,A4
Q3192,A4
Q3193,A4
Q3194,A4
Q3195,A4
Q3196,A4
Q3197,A4
Q3198,A4
Q3199,A4
Q3200,A4
Q3201,A4
Q3202,A4
Q3203,A4
Q3204,A4
Q3205,A4
Q3206,A4
Q3207,A4
Q3208,A4
Q3209,A4
Q3210,A4
Q3211,A4
Q3212,A4
Q3213,A4
Q3214,A4
Q3215,A4
Q3216,A4
Q3217,A4
Q3218,A4
Q3219,A4
Q3220,A4
Q3221,A4
Q3222,A4
Q3223,A4
Q3224,A4
Q3225,A4
Q3226,A4
Q3227,A4
Q3228,A4
Q3229,A4
Q3230,A4
Q3231,A4
Q3232,A4
Q3233,A4
Q3234,A4
Q3235,A4
Q3236,A4
Q3237,A4
Q3238,A4
Q3239,A4
Q3240,A4
Q3241,A4
Q3242,A4
Q3243,A4
Q3244,A4
Q3245,A4
Q3246,A4
Q3247,A4
Q3248,A2
Q3249,A2
Q3250,A2
Q3251,A2
Q3252,A2
Q3253,A2
Q3254,A2
Q3255,A2
Q3256,A2
Q3257,A2
Q3258,A2
Q3259,A2
Q3260,A2
Q3261,A2
Q3262,A2
Q3263,A2
Q3264,A2
Q3265,A2
Q3266,A2
Q3267,A2
Q3268,A2
Q3269,A2
Q3270,A2
Q3271,A2
Q3272,A2
Q3273,A2
Q3274,A2
Q3275,A2
Q3276,A2
Q3277,A2
Q3278,A2
Q3279,A2
Q3280,A2
Q3281,A2
Q3282,A2
Q3283,A2
Q3284,A2
Q3285,A2
Q3286,A2
Q3287,A2
Q3288,A2
Q3289,A2
Q3290,A2
Q3291,A2
Q3292,A2
Q3293,A2
Q3294,A2
Q3295,A2
Q3296,A2
Q3297,A2
Q3298,A2
Q3299,A2
Q3300,A2
Q3301,A2
Q3302,A2
Q3303,A2
Q3304,A2
Q3305,A2
Q3306,A2
Q3307,A2
Q3308,A2
Q3309,A2
Q3310,A2
Q3311,A2
Q3312,A2
Q3313,A2
Q3314,A2
Q3315,A2
Q3316,A2
Q3317,A2
Q3318,A2
Q3319,A2
Q3320,A2
Q3321,A2
Q3322,A2
Q3323,A2
Q3324,A2
Q3325,A2
Q3326,A2
Q3327,A2
Q3328,A2
Q3329,A2
Q3330,A2
Q3331,A2
Q3332,A2
Q3333,A2
Q3334,A2
Q3335,A2
Q3336,A2
Q3337,A2
Q3338,A2
Q3339,A2
Q3340,A2
Q3341,A2
Q3342,A2
Q3343,A2
Q3344,A2
Q3345,A2
Q3346,A2
Q3347,A2
Q3348,A2
Q3349,A2
Q3350,A2
Q3351,A2
Q3352,A2
Q3353,A2
Q3354,A2
Q3355,A2
Q3356,A2
Q3357,A2
Q3358,A2
Q3359,A2
Q3360,A2
Q3361,A2
Q3362,A2
Q3363,A2
Q3364,A2
Q3365,A2
Q3366,A2
Q3367,A2
Q3368,A2
Q3369,A2
Q3370,A2
Q3371,A2
Q3372,A2
Q3373,A2
Q3374,A2
Q3375,A2
Q3376,A2
Q3377,A2
Q3378,A2
Q3379,A2
Q3380,A2
Q3381,A2
Q3382,A2
Q3383,A2
Q3384,A2
Q3385,A2
Q3386,A2
Q3387,A2
Q3388,A2
Q3389,A2
Q3390,A2
Q3391,A2
Q3392,A2
Q3393,A5
Q3394,A5
Q3395,A5
Q3396,A5
Q3397,A5
Q3398,A5
Q3399,A5
Q3400,A5
Q3401,A5
Q3402,A5
Q3403,A5
Q3404,A5
Q3405,A5
Q3406,A5
Q3407,A5
Q3408,A5
Q3409,A5
Q3410,A5
Q3411,A1
Q3412,A1
Q3413,A1
Q3414,A1
Q3415,A1
Q3416,A1
Q3417,A1
Q3418,A1
Q3419,A1
Q3420,A1
Q3421,A1
Q3422,A1
Q3423,A1
Q3424,A1
Q3425,A1
Q3426,A1
Q3427,A0
Q3428,A0
Q3429,A6
Q3430,A3
Q3431,A3
Q3432,A3
Q3433,A3
Q3434,A3
Q3435,A3
Q3436,A3
Q3437,A3
Q3438,A3
Q3439,A3
Q3440,A3
Q3441,A3
Q3442,A3
Q3443,A3
Q3444,A3
Q3445,A3
Q3446,A3
Q3447,A3
Q3448,A3
Q3449,A3
Q3450,A3
Q3451,A3
Q3452,A3
Q3453,A3
Q3454,A3
Q3455,A3
Q3456,A3
Q3457,A3
Q3458,A3
Q3459,A3
Q3460,A3
Q3461,A3
Q3462,A3
Q3463,A3
Q3464,A3
Q3465,A3
Q3466,A3
Q3467,A3
Q3468,A3
Q3469,A3
Q3470,A3
Q3471,A3
Q3472,A3
Q3473,A3
Q3474,A3
Q3475,A3
Q3476,A3
Q3477,A3
Q3478,A3
Q3479,A3
Q3480,A3
Q3481,A3
Q3482,A3
Q3483,A3
Q3484,A3
Q3485,A3
Q3486,A3
Q3487,A3
Q3488,A3
Q3489,A3
Q3490,A3
Q3491,A3
Q3492,A3
Q3493,A3
Q3494,A3
Q3495,A3
Q3496,A3
Q3497,A3
Q3498,A3
Q3499,A3
Q3500,A3
Q3501,A3
Q3502,A3
Q3503,A3
Q3504,A3
Q3505,A3
Q3506,A3
Q3507,A3
Q3508,A3
Q3509,A3
Q3510,A3
Q3511,A3
Q3512,A3
Q3513,A3
Q3514,A3
Q3515,A3
Q3516,A3
Q3517,A3
Q3518,A3
Q3519,A3
Q3520,A3
Q3521,A3
Q3522,A3
Q3523,A3
Q3524,A3
Q3525,A3
Q3526,A3
Q3527,A3
Q3528,A3
Q3529,A3
Q3530,A3
Q3531,A3
Q3532,A3
Q3533,A3
Q3534,A3
Q3535,A3
Q3536,A3
Q3537,A3
Q3538,A3
Q3539,A3
Q3540,A3
Q3541,A3
Q3542,A3
Q3543,A3
Q3544,A3
Q3545,A3
Q3546,A3
Q3547,A3
Q3548,A3
Q3549,A3
Q3550,A3
Q3551,A3
Q3552,A3
Q3553,A3
Q3554,A3
Q3555,A3
Q3556,A3
Q3557,A3
Q3558,A3
Q3559,A3
Q3560,A3
Q3561,A3
Q3562,A3
Q3563,A3
Q3564,A3
Q3565,A3
Q3566,A3
Q3567,A3
Q3568,A3
Q3569,A3
Q3570,A3
Q3571,A3
Q3572,A3
Q3573,A3
Q3574,A3
Q3575,A3
Q3576,A3
Q3577,A3
Q3578,A3
Q3579,A3
Q3580,A3
Q3581,A3
Q3582,A3
Q3583,A3
Q3584,A3
Q3585,A3
Q3586,A3
Q3587,A3
Q3588,A3
Q3589,A3
Q3590,A3
Q3591,A3
Q3592,A3
Q3593,A3
Q3594,A3
Q3595,A3
Q3596,A3
Q3597,A3
Q3598,A3
Q3599,A3
Q3600,A3
Q3601,A3
Q3602,A3
Q3603,A3
Q3604,A3
Q3605,A3
Q3606,A3
Q3607,A3
Q3608,A3
Q3609,A3
Q3610,A3
Q3611,A3
Q3612,A3
Q3613,A3
Q3614,A3
Q3615,A3
Q3616,A3
Q3617,A3
Q3618,A3
Q3619,A3
Q3620,A3
Q3621,A3
Q3622,A3
Q3623,A3
Q3624,A3
Q3625,A3
Q3626,A3
Q3627,A3
Q3628,A3
Q3629,A3
Q3630,A3
Q3631,A3
Q3632,A3
Q3633,A3
Q3634,A3
Q3635,A3
Q3636,A3
Q3637,A3
Q3638,A3
Q3639,A3
Q3640,A3
Q3641,A3
Q3642,A3
Q3643,A3
Q3644,A3
Q3645,A3
Q3646,A3
Q3647,A3
Q3648,A3
Q3649,A4
Q3650,A4
Q3651,A4
Q3652,A4
Q3653,A4
Q3654,A4
Q3655,A4
Q3656,A4
Q3657,A4
Q3658,A4
Q3659,A4
Q3660,A4
Q3661,A4
Q3662,A4
Q3663,A4
Q3664,A4
Q3665,A4
Q3666,A4
Q3667,A4
Q3668,A4
Q3669,A4
Q3670,A4
Q3671,A4
Q3672,A4
Q3673,A4
Q3674,A4
Q3675,A4
Q3676,A4
Q3677,A4
Q3678,A4
Q3679,A4
Q3680,A4
Q3681,A4
Q3682,A4
Q3683,A4
Q3684,A4
Q3685,A4
Q3686,A4
Q3687,A4
Q3688,A4
Q3689,A4
Q3690,A4
Q3691,A4
Q3692,A4
Q3693,A4
Q3694,A4
Q3695,A4
Q3696,A4
Q3697,A4
Q3698,A4
Q3699,A4
Q3700,A4
Q3701,A4
Q3702,A4
Q3703,A4
Q3704,A4
Q3705,A4
Q3706,A4
Q3707,A4
Q3708,A4
Q3709,A4
Q3710,A4
Q3711,A4
Q3712,A4
Q3713,A4
Q3714,A4
Q3715,A4
Q3716,A4
Q3717,A4
Q3718,A4
Q3719,A4
Q3720,A4
Q3721,A4
Q3722,A4
Q3723,A4
Q3724,A4
Q3725,A4
Q3726,A4
Q3727,A4
Q3728,A4
Q3729,A4
Q3730,A4
Q3731,A4
Q3732,A4
Q3733,A4
Q3734,A4
Q3735,A4
Q3736,A4
Q3737,A2
Q3738,A2
Q3739,A2
Q3740,A2
Q3741,A2
Q3742,A2
Q3743,A2
Q3744,A2
Q3745,A2
Q3746,A2
Q3747,A2
Q3748,A2
Q3749,A2
Q3750,A2
Q3751,A2
Q3752,A2
Q3753,A2
Q3754,A2
Q3755,A2
Q3756,A2
Q3757,A2
Q3758,A2
Q3759,A2
Q3760,A2
Q3761,A2
Q3762,A2
Q3763,A2
Q3764,A2
Q3765,A2
Q3766,A2
Q3767,A2
Q3768,A2
Q3769,A2
Q3770,A2
Q3771,A2
Q3772,A2
Q3773,A2
Q3774,A2
Q3775,A2
Q3776,A2
Q3777,A2
Q3778,A2
Q3779,A2
Q3780,A2
Q3781,A2
Q3782,A2
Q3783,A2
Q3784,A2
Q3785,A2
Q3786,A2
Q3787,A2
Q3788,A2
Q3789,A2
Q3790,A2
Q3791,A2
Q3792,A2
Q3793,A2
Q3794,A2
Q3795,A2
Q3796,A2
Q3797,A2
Q3798,A2
Q3799,A2
Q3800,A2
Q3801,A2
Q3802,A2
Q3803,A2
Q3804,A2
Q3805,A2
Q3806,A2
Q3807,A2
Q3808,A2
Q3809,A2
Q3810,A2
Q3811,A2
Q3812,A2
Q3813,A2
Q3814,A2
Q3815,A2
Q3816,A2
Q3817,A2
Q3818,A2
Q3819,A2
Q3820,A2
Q3821,A2
Q3822,A2
Q3823,A2
Q3824,A2
Q3825,A2
Q3826,A2
Q3827,A2
Q3828,A2
Q3829,A2
Q3830,A2
Q3831,A2
Q3832,A2
Q3833,A2
Q3834,A2
Q3835,A2
Q3836,A2
Q3837,A2
Q3838,A2
Q3839,A2
Q3840,A2
Q3841,A2
Q3842,A2
Q3843,A2
Q3844,A2
Q3845,A2
Q3846,A2
Q3847,A2
Q3848,A2
Q3849,A2
Q3850,A2
Q3851,A2
Q3852,A2
Q3853,A2
Q3854,A2
Q3855,A2
Q3856,A2
Q3857,A2
Q3858,A2
Q3859,A2
Q3860,A2
Q3861,A2
Q3862,A2
Q3863,A2
Q3864,A2
Q3865,A2
Q3866,A2
Q3867,A2
Q3868,A2
Q3869,A2
Q3870,A2
Q3871,A2
Q3872,A2
Q3873,A2
Q3874,A2
Q3875,A2
Q3876,A2
Q3877,A2
Q3878,A2
Q3879,A2
Q3880,A2
Q3881,A2
Q3882,A2
Q3883,A5
Q3884,A5
Q3885,A5
Q3886,A5
Q3887,A5
Q3888,A5
Q3889,A5
Q3890,A5
Q3891,A5
Q3892,A5
Q3893,A5
Q3894,A5
Q3895,A5
Q3896,A5
Q3897,A5
Q3898,A5
Q3899,A5
Q3900,A5
Q3901,A1
Q3902,A1
Q3903,A1
Q3904,A1
Q3905,A1
Q3906,A1
Q3907,A1
Q3908,A1
Q3909,A1
Q3910,A1
Q3911,A1
Q3912,A1
Q3913,A1
Q3914,A1
Q3915,A1
Q3916,A1
Q3917,A0
Q3918,A0
Q3919,A3
Q3920,A3
Q3921,A3
Q3922,A3
Q3923,A3
Q3924,A3
Q3925,A3
Q3926,A3
Q3927,A3
Q3928,A3
Q3929,A3
Q3930,A3
Q3931,A3
Q3932,A3
Q3933,A3
Q3934,A3
Q3935,A3
Q3936,A3
Q3937,A3
Q3938,A3
Q3939,A3
Q3940,A3
Q3941,A3
Q3942,A3
Q3943,A3
Q3944,A3
Q3945,A3
Q3946,A3
Q3947,A3
Q3948,A3
Q3949,A3
Q3950,A3
Q3951,A3
Q3952,A3
Q3953,A3
Q3954,A3
Q3955,A3
Q3956,A3
Q3957,A3
Q3958,A3
Q3959,A3
Q3960,A3
Q3961,A3
Q3962,A3
Q3963,A3
Q3964,A3
Q3965,A3
Q3966,A3
